range;companyname;png;dib;jpg;jpeg;bmp;jpe;gif;tif;tiff;total;
1;Walmart;51;0;122;142;0;143;19;6;0;483;
2;Exxon Mobil;2;0;16;0;0;0;1;4;0;23;
3;Apple;2;0;0;0;0;0;1;0;0;3;
4;Berkshire Hathaway;0;0;0;0;0;0;1;0;0;1;
5;McKesson;7;0;6;0;0;0;0;0;0;13;
6;UnitedHealth Group;0;0;0;0;0;0;0;1;0;1;
7;CVS Health;16;0;1;0;0;1;1;1;0;20;
8;General Motors;92;0;17;0;0;0;0;10;0;119;
9;Ford Motor;6;0;104;0;0;0;1;22;0;133;
10;AT&T;29;1;16;0;0;0;1;29;0;76;
11;General Electric;1;0;6;0;0;0;0;0;0;7;
12;AmerisourceBergen;0;0;0;0;0;0;0;0;0;0;
13;Verizon;1;0;0;0;0;0;0;5;0;6;
14;Chevron;13;0;9;0;0;0;4;0;0;26;
15;Costco;48;0;26;0;0;0;4;37;0;115;
17;Kroger;31;0;9;0;0;0;1;3;0;44;
18;Amazon.com;45;12;16;0;0;0;9;30;0;112;
19;Walgreens Boots Alliance;0;0;7;0;0;0;0;2;0;9;
20;HP;0;0;14;0;0;0;0;9;0;23;
21;Cardinal Health;17;0;6;0;0;0;1;4;0;28;
22;Express Scripts Holding;0;0;0;0;0;0;0;0;0;0;
23;J.P. Morgan Chase;31;0;24;0;0;0;1;5;0;61;
24;Boeing;0;0;115;0;0;0;0;0;0;115;
25;Microsoft;1;0;15;0;0;0;0;0;0;16;
26;Bank of America Corp.;2;0;5;0;0;0;32;2;0;41;
27;Wells Fargo;16;0;11;0;0;0;7;1;0;35;
28;Home Depot;0;0;8;0;0;0;6;1;0;15;
29;Citigroup;0;0;0;0;0;0;0;0;0;0;
30;Phillips 66;25;0;12;0;0;0;4;0;0;41;
31;IBM;16;0;9;0;0;0;0;0;0;25;
32;Valero Energy;14;0;8;0;0;0;2;0;0;24;
33;Anthem;13;0;8;0;0;0;3;0;0;24;
34;Procter & Gamble;0;0;0;0;0;0;0;0;0;0;
35;State Farm Insurance Cos.;4;0;10;0;0;0;0;2;0;16;
36;Alphabet;14;0;0;0;23;0;0;0;0;37;
37;Comcast;10;0;3;0;0;0;0;0;0;13;
38;Target;12;0;0;0;0;0;6;1;0;19;
39;Johnson & Johnson;17;0;14;0;0;1;3;0;0;35;
40;MetLife;1;0;3;0;0;0;10;26;0;40;
41;Archer Daniels Midland;0;0;5;0;0;0;1;5;0;11;
42;Marathon Petroleum;10;0;3;0;0;0;8;1;0;22;
43;Freddie Mac;9;0;3;0;0;0;1;27;0;40;
44;PepsiCo;32;0;36;2;0;2;2;0;0;74;
45;United Technologies;18;0;109;5;0;5;1;1;0;139;
46;Aetna;30;0;12;0;0;0;3;10;0;55;
47;Lowe’s;3;0;0;0;0;0;1;0;0;4;
48;UPS;0;0;0;0;0;0;12;0;0;12;
49;AIG;3;0;31;0;0;0;0;6;0;40;
50;Prudential Financial;13;0;9;0;0;0;13;3;0;38;
51;Intel;1;0;0;0;0;0;0;0;0;1;
52;Humana;20;0;8;0;0;0;0;1;0;29;
53;Disney;174;0;0;1976;0;1976;305;12;0;4443;
54;Cisco Systems;0;0;20;1;0;1;1;7;0;30;
55;Pfizer;7;0;11;0;0;0;4;3;0;25;
56;Dow Chemical;2;0;0;0;0;0;0;6;0;8;
57;Sysco;3;0;3;0;0;0;0;1;0;7;
58;FedEx;1;0;0;0;0;0;3;9;0;13;
59;Caterpillar;0;0;0;0;0;0;1;22;0;23;
60;Lockheed Martin;12;0;13;0;0;0;1;3;0;29;
61;New York Life Insurance;4;0;11;0;0;0;3;10;0;28;
62;Coca-Cola;164;0;245;25;0;25;0;6;0;465;
63;HCA Holdings;3;0;18;0;0;0;0;31;0;52;
64;Ingram Micro;0;0;1;0;0;0;1;0;0;2;
65;Energy Transfer Equity;5;0;11;0;0;0;26;2;0;44;
66;Tyson Foods;3;0;1;0;0;0;0;0;0;4;
67;American Airlines Group;10;0;8;0;0;0;6;9;0;33;
68;Delta Air Lines;44;0;7;0;0;0;18;10;0;79;
69;Nationwide;1;0;35;0;0;0;15;6;0;57;
70;Johnson Controls;8;0;9;0;0;0;0;1;0;18;
71;Best Buy;0;0;0;0;0;0;1;0;0;1;
72;Merck;19;0;10;0;0;0;3;29;0;61;
73;Liberty Mutual Insurance Group;0;0;11;0;0;0;1;1;0;13;
74;Goldman Sachs Group;10;0;15;0;0;0;1;1;0;27;
75;Honeywell International;37;0;110;0;0;0;5;1;0;153;
76;Massachusetts Mutual Life Insurance;121;0;45;0;0;0;3;26;0;195;
77;Oracle;2;0;72;0;0;0;0;2;0;76;
78;Morgan Stanley;23;0;121;0;0;0;0;3;0;147;
79;Cigna;8;0;5;0;0;0;2;10;0;25;
80;United Continental Holdings;11;0;17;1;0;1;3;0;0;33;
81;Allstate;39;0;20;0;0;0;35;59;0;153;
82;TIAA;11;0;41;0;0;0;0;3;0;55;
83;INTL FCStone;2;0;7;0;0;0;0;6;0;15;
84;CHS;1;0;0;0;0;0;1;1;0;3;
85;American Express;1;0;1;0;0;0;26;2;0;30;
86;Gilead Sciences;10;0;3;0;0;0;0;4;0;17;
88;General Dynamics;24;0;70;0;0;1;1;1;0;97;
89;TJX;1;0;22;0;0;0;0;4;0;27;
90;ConocoPhillips;5;0;5;0;2;0;1;2;0;15;
91;Nike;70;0;0;0;0;0;0;0;0;70;
92;World Fuel Services;8;0;9;0;0;1;1;0;0;19;
93;3M;15;0;6;0;0;0;0;0;0;21;
94;Mondelez International;40;0;392;0;1;0;0;318;0;751;
95;Exelon;34;0;8;0;0;0;1;1;0;44;
96;Twenty-First Century Fox;23;0;9;0;0;1;1;0;0;34;
97;Deere;2;0;17;0;0;0;12;4;0;35;
99;Time Warner;59;0;17;0;0;1;1;0;0;78;
100;Northwestern Mutual;13;0;1;0;0;0;1;2;0;17;
101;DuPont;31;0;12;0;0;0;4;2;0;49;
102;Avnet;45;0;14;0;0;0;1;4;0;64;
103;Macy’s;0;0;8;0;0;0;0;0;0;8;
104;Enterprise Products Partners;15;0;5;0;0;0;2;21;0;43;
105;Travelers Cos.;6;0;9;0;0;0;0;1;0;16;
106;Philip Morris International;9;0;32;0;0;0;5;8;0;54;
107;Rite Aid;14;0;6;1;0;1;1;0;0;23;
108;Tech Data;15;0;9;0;0;0;0;1;0;25;
109;McDonald’s;35;0;12;0;0;0;0;16;0;63;
110;Qualcomm;12;0;2;0;0;0;0;0;0;14;
111;Sears Holdings;11;0;9;0;0;0;0;0;0;20;
112;Capital One Financial;18;0;5;1;0;1;2;2;0;29;
113;EMC;7;0;31;0;0;0;0;5;0;43;
114;USAA;1;0;0;0;0;0;0;0;0;1;
115;Duke Energy;1;0;3;0;0;0;5;8;0;17;
116;Time Warner Cable;5;1;0;0;0;0;0;0;0;6;
117;Halliburton;42;0;1;0;0;0;7;22;0;72;
118;Northrop Grumman;4;0;0;0;0;0;1;2;0;7;
119;Arrow Electronics;25;0;45;0;0;0;0;1;0;71;
120;Raytheon;6;0;21;0;0;0;3;2;0;32;
121;Plains GP Holdings;0;0;13;0;0;0;0;4;0;17;
122;US Foods Holding;0;0;0;0;0;0;0;0;0;0;
123;AbbVie;20;0;6;0;0;0;0;1;0;27;
124;Centene;9;0;5;0;0;0;0;0;0;14;
125;Community Health Systems;2;0;7;0;0;0;0;1;0;10;
126;Alcoa;2;0;34;0;0;0;81;4;0;121;
127;International Paper;23;0;10;0;0;0;0;4;0;37;
128;Emerson Electric;6;0;6;0;0;0;1;2;0;15;
129;Union Pacific;4;0;7;0;0;0;0;1;0;12;
130;Amgen;1;0;0;0;0;0;0;0;0;1;
131;U.S. Bancorp;12;0;12;0;0;0;4;18;0;46;
132;Staples;3;0;18;0;0;0;17;5;0;43;
133;Danaher;5;0;29;0;0;0;0;0;0;34;
134;Whirlpool;12;0;16;0;0;0;1;0;0;29;
135;Aflac;15;0;4;0;0;0;0;4;0;23;
137;Progressive;4;0;0;0;0;0;3;2;0;9;
138;Abbott Laboratories;16;0;129;0;0;0;2;21;0;168;
139;Dollar General;4;0;42;0;0;0;0;7;0;53;
141;Eli Lilly;9;1;19;0;0;0;4;0;0;33;
143;Penske Automotive Group;54;0;12;0;0;0;2;0;0;68;
144;ManpowerGroup;8;0;5;0;0;0;0;0;0;13;
145;Kohl’s;2;2;31;0;0;0;9;0;0;44;
146;Starbucks;12;0;16;1;0;1;26;2;0;58;
147;Paccar;14;0;13;0;0;0;1;0;0;28;
148;Cummins;4;0;0;0;0;1;1;0;0;6;
149;Altria Group;17;0;8;0;0;0;1;6;0;32;
150;Xerox;5;0;67;0;0;0;1;7;0;80;
151;Kimberly-Clark;7;0;16;0;0;0;3;4;0;30;
152;Hartford Financial Services Group;14;0;7;0;0;0;0;0;0;21;
153;Kraft Heinz;7;0;6;0;0;0;0;0;0;13;
154;Lear;16;0;6;0;0;0;0;1;0;23;
155;Fluor;18;0;74;0;0;0;9;3;0;104;
156;AECOM;55;0;72;0;0;0;0;0;0;127;
157;Facebook;19;0;0;0;0;0;17;0;0;36;
158;Jabil Circuit;3;0;6;0;0;0;0;3;0;12;
159;CenturyLink;41;0;0;0;0;0;2;40;0;83;
160;Supervalu;25;2;13;0;0;0;0;0;0;40;
161;General Mills;3;0;6;0;0;0;0;0;0;9;
163;NextEra Energy;0;0;3;0;0;0;4;3;0;10;
164;Thermo Fisher Scientific;29;0;28;0;0;0;1;38;0;96;
166;PG&E Corp.;0;0;0;0;0;0;0;0;0;0;
167;NGL Energy Partners;8;0;6;0;0;0;2;0;0;16;
168;Bristol-Myers Squibb;6;0;17;0;0;0;0;0;0;23;
169;Goodyear Tire & Rubber;1;0;0;0;0;0;0;0;0;1;
170;Nucor;0;0;1;0;0;0;0;2;0;3;
171;PNC Financial Services Group;3;0;11;0;0;0;11;5;0;30;
172;Health Net;3;0;9;0;0;0;7;0;0;19;
173;Micron Technology;41;0;13;1;0;1;1;1;0;58;
174;Colgate-Palmolive;12;0;11;0;0;0;0;1;0;24;
175;Freeport-McMoRan;1;0;10;0;0;0;25;0;0;36;
176;ConAgra Foods;50;0;46;0;0;0;0;2;0;98;
177;Gap;4;0;11;0;0;0;1;1;0;17;
178;Baker Hughes;7;0;17;0;0;0;0;5;1;30;
179;Bank of New York Mellon Corp.;23;0;11;0;0;0;0;0;0;34;
180;Dollar Tree;21;0;48;0;0;0;11;1;0;81;
181;Whole Foods Market;8;0;262;0;0;0;10;19;2;301;
182;PPG Industries;1;0;4;0;0;0;0;9;0;14;
183;Genuine Parts;11;0;9;0;0;0;1;0;0;21;
184;Icahn Enterprises;0;0;1;0;0;0;15;1;0;17;
185;Performance Food Group;6;0;19;0;0;0;0;0;0;25;
186;Omnicom Group;0;0;16;0;0;0;0;1;0;17;
187;DISH Network;44;0;0;0;0;0;2;24;0;70;
188;FirstEnergy;12;0;14;0;0;0;0;8;0;34;
189;Monsanto;67;0;15;0;0;0;2;0;0;84;
190;AES;3;0;20;1;0;1;3;2;0;30;
191;CarMax;10;0;6;0;0;0;0;2;0;18;
192;National Oilwell Varco;49;0;59;0;0;0;0;7;0;115;
193;NRG Energy;5;0;7;0;0;0;0;0;0;12;
194;Western Digital;5;0;12;0;0;0;0;0;0;17;
195;Marriott International;63;0;8;0;0;0;1;18;0;90;
196;Office Depot;14;0;9;0;0;0;11;6;0;40;
197;Nordstrom;26;0;3;42;0;42;106;18;0;237;
198;Kinder Morgan;7;0;1;0;0;0;10;0;0;18;
199;Aramark;6;0;0;3;0;3;4;0;0;16;
200;DaVita HealthCare Partners;21;0;17;0;0;0;0;2;0;40;
201;Molina Healthcare;7;0;10;0;0;0;1;2;0;20;
202;WellCare Health Plans;0;0;0;0;0;0;0;2;0;2;
203;CBS;25;0;25;0;0;0;0;0;0;50;
204;Visa;1;0;6;0;0;0;0;0;0;7;
205;Lincoln National;21;0;0;0;0;0;1;18;0;40;
206;Ecolab;29;0;105;0;0;0;1;1;0;136;
207;Kellogg;97;0;8;0;0;0;5;0;0;110;
208;C.H. Robinson Worldwide;10;0;20;0;0;0;11;2;0;43;
209;Textron;12;0;18;0;0;1;1;2;0;34;
210;Loews;6;0;7;0;0;0;0;0;0;13;
211;Illinois Tool Works;1;0;21;0;0;0;0;1;0;23;
212;Synnex;0;0;0;0;0;0;0;0;0;0;
213;Viacom;15;0;3;0;0;0;1;3;0;22;
214;HollyFrontier;11;0;5;0;0;0;2;1;0;19;
215;Land O’Lakes;8;0;6;0;0;0;0;0;0;14;
216;Devon Energy;21;0;9;0;0;0;0;0;0;30;
218;Yum Brands;23;0;1;0;0;0;0;0;0;24;
219;Texas Instruments;7;0;0;0;0;0;2;0;0;9;
220;CDW;14;0;6;0;0;0;4;15;0;39;
221;Waste Management;3;0;3;0;0;0;1;1;0;8;
222;Marsh & McLennan;5;0;66;0;0;0;0;5;0;76;
223;Chesapeake Energy;6;0;14;0;0;0;0;6;0;26;
224;Parker-Hannifin;2;0;22;0;0;0;1;16;0;41;
225;Occidental Petroleum;25;0;14;0;0;0;2;0;0;41;
226;Guardian Life Ins. Co. of America;0;0;0;0;0;0;0;0;0;0;
227;Farmers Insurance Exchange;16;0;6;0;0;0;0;4;0;26;
228;J.C. Penney;0;0;0;0;0;0;18;1;0;19;
229;Consolidated Edison;1;0;38;0;0;0;35;1;0;75;
230;Cognizant Technology Solutions;15;0;11;2;0;2;1;0;0;31;
231;VF;29;0;15;0;0;0;4;0;0;48;
232;Ameriprise Financial;8;0;5;0;0;0;0;3;0;16;
233;Computer Sciences;11;1;46;0;0;0;4;0;0;62;
234;L Brands;19;0;52;0;0;0;0;2;0;73;
235;Jacobs Engineering Group;41;0;34;0;0;0;0;21;0;96;
236;Principal Financial;4;0;6;0;0;0;1;2;0;13;
237;Ross Stores;5;0;12;0;0;0;3;0;0;20;
238;Bed Bath & Beyond;16;0;19;0;0;0;65;12;0;112;
239;CSX;80;0;27;0;0;0;0;3;0;110;
240;Toys “R” Us;15;0;20;0;0;0;0;0;0;35;
241;Las Vegas Sands;6;0;17;0;0;0;0;0;0;23;
242;Leucadia National;1;0;0;0;0;0;0;0;0;1;
244;United States Steel;3;0;10;0;0;0;5;17;0;35;
245;L-3 Communications;15;0;6;0;0;0;1;0;0;22;
246;Edison International;17;0;62;0;0;0;1;2;0;82;
247;Entergy;5;0;24;0;0;0;16;1;0;46;
248;ADP;6;0;0;0;1;0;1;1;0;9;
249;First Data;1;0;0;0;0;0;0;0;0;1;
250;BlackRock;15;0;0;0;0;0;0;0;0;15;
251;WestRock;12;0;75;0;0;0;0;0;0;87;
252;Voya Financial;26;0;9;0;0;0;2;2;0;39;
253;Sherwin-Williams;2;0;9;0;0;0;1;7;0;19;
254;Hilton Worldwide Holdings;0;0;0;0;0;0;0;0;0;0;
255;R.R. Donnelley & Sons;61;1;7;0;0;0;2;4;0;75;
256;Stanley Black & Decker;9;0;50;0;0;1;2;0;0;62;
257;Xcel Energy;19;0;10;0;0;0;0;1;0;30;
258;Murphy USA;0;0;1;0;0;0;1;0;0;2;
259;CBRE Group;3;0;10;2;0;2;1;3;0;21;
260;D.R. Horton;4;0;0;0;0;0;1;2;0;7;
261;Estee Lauder;13;0;29;0;0;0;2;0;0;44;
262;Praxair;6;0;15;0;0;0;0;4;0;25;
263;Biogen;58;0;63;0;0;0;3;5;2;131;
264;State Street Corp.;50;0;12;4;0;4;13;3;0;86;
265;Unum Group;6;0;1;0;0;0;0;2;0;9;
266;Reynolds American;11;0;6;0;0;0;2;0;0;19;
267;Group 1 Automotive;1;0;18;0;0;0;0;4;0;23;
268;Henry Schein;0;0;0;0;0;0;1;0;0;1;
269;Hertz Global Holdings;5;0;0;0;0;0;0;0;0;5;
270;Norfolk Southern;8;0;86;0;0;0;0;10;0;104;
271;Reinsurance Group of America;3;0;7;0;0;0;1;6;0;17;
272;Public Service Enterprise Group;31;0;8;0;0;0;9;22;0;70;
273;BB&T Corp.;0;0;2;0;0;0;2;4;0;8;
274;DTE Energy;6;0;21;0;0;0;1;21;0;49;
275;Assurant;4;0;3;0;0;0;0;0;0;7;
277;Huntsman;0;0;9;0;1;0;68;0;0;78;
278;Becton Dickinson;17;0;18;0;0;0;0;1;0;36;
279;Sempra Energy;8;0;13;0;0;0;0;0;0;21;
280;AutoZone;15;0;10;0;0;0;9;36;0;70;
281;Navistar International;12;0;4;0;0;0;3;4;0;23;
282;Precision Castparts;0;0;17;0;0;0;1;0;0;18;
283;Discover Financial Services;0;0;0;0;0;0;0;0;0;0;
284;Liberty Interactive;0;0;2;0;0;0;0;0;0;2;
285;W.W. Grainger;15;0;8;0;0;0;10;12;0;45;
286;Baxter International;11;0;14;0;0;0;0;0;0;25;
287;Stryker;7;0;0;0;0;0;2;4;0;13;
288;Air Products & Chemicals;0;0;17;0;0;0;4;3;0;24;
289;Western Refining;2;0;7;0;0;0;0;1;0;10;
290;Universal Health Services;1;0;7;0;0;0;0;0;0;8;
291;Owens & Minor;2;0;7;0;0;0;7;0;0;16;
292;Charter Communications;10;0;7;0;0;0;4;8;0;29;
293;Advance Auto Parts;21;0;10;0;0;0;11;5;0;47;
294;MasterCard;6;0;0;0;0;0;1;2;0;9;
295;Applied Materials;2;0;9;0;0;1;2;0;0;14;
296;Eastman Chemical;3;0;13;0;0;0;6;0;0;22;
297;Sonic Automotive;4;0;26;0;0;0;0;15;0;45;
298;Ally Financial;8;0;0;0;0;0;0;0;0;8;
299;CST Brands;6;0;0;0;0;0;1;1;0;8;
300;eBay;14;0;149;0;1;0;16;1;0;181;
301;Lennar;7;0;11;1;1;1;11;43;0;75;
302;GameStop;0;0;11;0;0;0;2;0;0;13;
303;Reliance Steel & Aluminum;95;0;90;0;0;0;1;74;0;260;
304;Hormel Foods;12;0;0;0;0;0;0;0;0;12;
305;Celgene;15;0;95;0;0;0;1;8;0;119;
306;Genworth Financial;3;0;15;0;0;0;0;0;0;18;
308;Priceline Group;14;0;0;0;0;0;5;0;0;19;
309;MGM Resorts International;0;0;9;0;0;0;9;0;0;18;
310;Autoliv;98;0;11;0;0;0;37;4;0;150;
312;Republic Services;1;0;0;0;0;0;0;0;0;1;
313;Corning;15;0;296;14;0;14;2;3;0;344;
314;Peter Kiewit Sons’;4;0;10;0;0;0;14;3;0;31;
315;Univar;3;0;1;0;0;0;2;14;0;20;
316;Mosaic;5;0;8;0;0;0;15;0;0;28;
317;Core-Mark Holding;3;0;5;0;0;1;1;0;0;10;
318;Thrivent Financial for Lutherans;7;0;22;0;0;0;5;17;0;51;
319;Cameron International;5;0;0;0;0;0;0;0;0;5;
320;HD Supply Holdings;17;0;0;0;0;0;0;0;0;17;
321;Crown Holdings;18;0;12;0;0;1;1;0;0;32;
322;EOG Resources;12;0;1;0;0;0;23;10;0;46;
323;Veritiv;3;0;9;0;0;0;0;1;0;13;
324;Anadarko Petroleum;23;0;17;0;0;0;0;2;0;42;
325;Laboratory Corp. of America;0;0;23;0;1;0;44;4;0;72;
326;Pacific Life;12;0;12;0;0;0;0;3;0;27;
328;Jarden;2;0;2;0;0;0;3;1;0;8;
329;SunTrust Banks;20;0;8;0;0;0;0;2;0;30;
330;Avis Budget Group;12;0;3;0;0;0;0;2;0;17;
331;Broadcom;20;0;4;0;0;0;0;0;0;24;
332;American Family Insurance Group;5;0;17;0;0;0;0;26;0;48;
333;Level 3 Communications;15;0;21;0;0;0;0;0;0;36;
334;Tenneco;4;1;17;0;0;0;4;4;0;30;
335;United Natural Foods;26;0;58;0;0;1;1;1;0;87;
336;Dean Foods;37;0;4;0;0;0;0;0;0;41;
337;Campbell Soup;65;0;16;0;0;0;0;0;0;81;
338;Mohawk Industries;3;0;11;0;0;0;6;5;0;25;
339;BorgWarner;6;0;13;0;0;0;3;0;0;22;
340;PVH;0;0;0;0;0;0;0;0;0;0;
341;Ball;1;0;4;0;0;0;0;0;0;5;
342;O’Reilly Automotive;2;0;8;0;0;0;11;15;0;36;
343;Eversource Energy;10;0;13;0;0;0;0;0;0;23;
344;Franklin Resources;1;0;0;0;0;0;5;1;0;7;
345;Masco;11;0;13;0;0;0;3;1;0;28;
346;Lithia Motors;3;0;15;0;0;0;1;21;0;40;
347;KKR;4;0;8;0;0;0;0;3;0;15;
348;Oneok;0;0;0;0;0;0;1;0;0;1;
349;Newmont Mining;13;0;5;0;0;1;1;1;0;21;
350;PPL;12;0;9;0;0;0;0;2;0;23;
351;SpartanNash;7;0;11;0;0;0;0;1;0;19;
352;Quanta Services;0;0;13;0;0;0;0;0;0;13;
353;XPO Logistics;6;0;12;0;0;1;2;6;0;27;
354;Ralph Lauren;7;0;7;0;0;0;10;10;0;34;
355;Interpublic Group;5;0;45;0;0;0;0;3;0;53;
356;Steel Dynamics;2;0;11;0;0;0;0;0;0;13;
357;WESCO International;5;0;9;0;0;0;0;0;0;14;
358;Quest Diagnostics;3;0;6;0;0;0;1;10;0;20;
359;Boston Scientific;190;0;6;0;0;0;7;283;0;486;
360;AGCO;20;0;18;0;0;0;0;0;0;38;
361;Foot Locker;0;0;1;0;0;0;2;0;0;3;
362;Hershey;21;0;26;0;0;0;1;1;0;49;
363;CenterPoint Energy;5;0;0;0;0;0;2;4;0;11;
365;Dick’s Sporting Goods;14;0;1;0;0;0;1;1;0;17;
366;Live Nation Entertainment;4;0;0;0;0;0;1;1;0;6;
367;Mutual of Omaha Insurance;5;0;3;0;0;0;16;2;0;26;
368;W.R. Berkley;13;0;9;0;0;0;0;1;0;23;
369;LKQ;9;0;9;0;0;1;7;6;0;32;
370;Avon Products;1;0;7;0;0;0;1;1;0;10;
371;Darden Restaurants;8;0;0;0;0;0;8;2;0;18;
372;Kindred Healthcare;15;0;11;0;0;0;11;1;0;38;
373;Weyerhaeuser;16;0;4;0;0;0;0;34;0;54;
374;Casey’s General Stores;11;0;12;0;0;0;1;1;0;25;
375;Sealed Air;7;0;9;0;0;0;1;0;0;17;
376;Fifth Third Bancorp;4;0;6;0;0;0;0;0;0;10;
377;Dover;5;0;13;0;0;0;5;12;0;35;
378;Huntington Ingalls Industries;23;0;12;0;0;0;1;2;0;38;
379;Netflix;321;0;28;12;0;12;14;27;0;414;
380;Dillard’s;11;0;15;0;0;0;3;0;0;29;
381;EMCOR Group;22;0;5;0;0;0;0;0;0;27;
382;Jones Financial;24;0;4;0;0;0;0;0;0;28;
383;AK Steel Holding;0;0;14;0;0;0;2;0;0;16;
384;UGI;14;0;15;0;0;0;0;5;0;34;
385;Expedia;37;0;13;0;0;0;1;34;0;85;
386;salesforce.com;12;0;2;1;0;1;4;9;0;29;
387;Targa Resources;4;0;6;0;0;0;0;0;0;10;
388;Apache;0;0;0;0;0;0;0;0;0;0;
389;Spirit AeroSystems Holdings;9;0;15;0;0;0;11;9;0;44;
390;Expeditors International of Washington;24;0;7;0;0;0;1;0;0;32;
391;Anixter International;24;0;42;0;0;0;1;33;0;100;
392;Fidelity National Information Services;26;0;5;0;0;0;1;1;0;33;
393;Asbury Automotive Group;1;0;0;0;0;0;0;0;0;1;
394;Hess;0;0;8;0;0;0;2;1;0;11;
395;Ryder System;17;0;34;0;0;0;0;2;0;53;
396;Terex;0;0;1;0;0;0;0;0;0;1;
397;Coca-Cola European Partners;20;0;31;0;0;0;12;0;0;63;
399;Cablevision Systems;8;0;5;0;0;0;0;4;0;17;
400;Symantec;29;0;0;0;0;0;0;16;0;45;
401;Charles Schwab;2;0;21;0;0;0;1;0;0;24;
402;Calpine;2;1;6;0;0;0;0;2;0;11;
403;CMS Energy;6;0;8;0;0;0;2;1;0;17;
404;Alliance Data Systems;17;0;30;10;0;10;0;0;0;67;
405;JetBlue Airways;56;0;11;0;1;0;6;3;0;77;
406;Discovery Communications;209;0;27;4;0;4;1;0;0;245;
407;Trinity Industries;2;0;17;0;0;0;124;0;0;143;
408;Sanmina;0;0;0;0;0;0;0;0;0;0;
409;NCR;7;0;30;0;0;0;0;0;0;37;
410;FMC Technologies;6;0;1;0;0;0;16;1;0;24;
411;Erie Insurance Group;13;0;1;0;0;0;3;6;0;23;
412;Rockwell Automation;0;0;15;0;0;0;0;6;0;21;
413;Dr Pepper Snapple Group;95;0;9;0;0;0;0;3;0;107;
414;iHeartMedia;9;2;2;0;0;0;1;1;0;15;
416;J.B. Hunt Transport Services;4;0;0;0;0;0;1;4;0;9;
418;Owens-Illinois;0;0;2;0;0;0;0;0;0;2;
419;Harman International Industries;52;0;52;4;0;4;0;0;0;112;
420;Baxalta;20;0;2;0;0;0;0;0;0;22;
421;American Financial Group;10;0;4;0;0;0;8;0;0;22;
422;NetApp;8;0;5;0;0;0;0;4;0;17;
423;Graybar Electric;9;0;0;0;0;0;0;14;0;23;
424;Oshkosh;1;0;1;0;0;0;46;0;0;48;
425;Ameren;47;0;0;0;0;0;0;0;0;47;
426;A-Mark Precious Metals;33;0;5;0;0;0;1;0;0;39;
427;Barnes & Noble;0;0;7;0;0;0;81;0;0;88;
428;Dana Holding;7;0;4;0;0;0;0;0;0;11;
429;Constellation Brands;3;0;0;0;0;1;1;0;0;5;
430;LifePoint Health;2;0;2;0;0;0;0;0;0;4;
431;Zimmer Biomet Holdings;6;0;0;0;0;0;0;0;0;6;
432;Harley-Davidson;77;0;19;0;0;0;2;8;0;106;
433;PulteGroup;6;0;7;0;0;0;2;0;0;15;
434;Newell Brands;2;0;2;0;0;0;3;1;0;8;
435;Avery Dennison;24;0;30;0;0;0;0;0;0;54;
436;Jones Lang LaSalle;22;0;18;0;0;0;1;6;0;47;
437;WEC Energy Group;5;0;9;0;0;0;1;0;0;15;
438;Marathon Oil;15;0;7;0;0;0;14;0;0;36;
439;TravelCenters of America;5;0;3;0;0;0;4;0;0;12;
440;United Rentals;15;0;28;0;0;0;0;10;0;53;
441;HRG Group;2;0;8;0;0;0;0;0;0;10;
443;Windstream Holdings;9;1;0;0;0;0;3;5;1;19;
444;Starwood Hotels & Resorts;0;0;0;0;0;0;0;1;0;1;
445;Delek US Holdings;5;0;9;0;0;1;1;0;0;16;
446;Packaging Corp. of America;4;0;15;0;0;0;0;0;0;19;
447;Quintiles Transnational Holdings;11;0;2;0;0;0;1;3;0;17;
448;Hanesbrands;29;0;26;0;0;0;5;53;0;113;
449;Realogy Holdings;7;0;36;0;0;0;3;5;0;51;
450;Mattel;132;1;170;2;0;2;4;4;0;315;
451;Motorola Solutions;0;0;6;0;0;0;0;0;0;6;
452;J.M. Smucker;2;0;11;0;0;0;0;1;0;14;
453;Regions Financial;1;0;0;0;0;0;0;0;0;1;
454;Celanese;2;0;9;0;0;0;0;0;0;11;
455;Clorox;6;0;25;0;0;0;0;2;0;33;
456;Ingredion;2;0;0;0;0;0;0;0;0;2;
457;Genesis Healthcare;9;0;15;0;0;0;1;1;0;26;
458;Peabody Energy;35;0;10;0;0;0;0;0;0;45;
459;Alaska Air Group;2;0;4;0;0;0;30;22;0;58;
460;Seaboard;9;0;28;0;0;0;2;3;0;42;
461;Frontier Communications;0;0;1;0;0;0;2;3;0;6;
462;Amphenol;2;0;10;0;0;0;3;0;0;15;
463;Lansing Trade Group;9;0;33;0;0;0;1;5;0;48;
464;SanDisk;0;0;0;0;0;0;0;0;0;0;
466;Wyndham Worldwide;10;0;49;0;0;1;2;0;0;62;
467;Kelly Services;14;0;1;0;0;0;3;1;0;19;
468;Western Union;1;0;2;0;0;0;0;2;0;5;
469;Envision Healthcare Holdings;2;0;4;0;0;0;0;0;0;6;
470;Visteon;7;0;25;0;0;0;3;0;0;35;
471;Arthur J. Gallagher;9;0;32;3;0;3;0;0;0;47;
472;Host Hotels & Resorts;0;0;0;0;0;0;0;2;0;2;
473;Ashland;27;0;7;0;0;0;0;0;0;34;
474;Insight Enterprises;9;0;3;0;0;0;4;18;0;34;
475;Energy Future Holdings;6;0;5;0;0;0;2;0;0;13;
476;Markel;19;0;3;0;0;0;1;1;0;24;
477;Essendant;0;0;7;0;0;0;7;26;0;40;
478;CH2M Hill;1;0;12;0;0;0;0;0;0;13;
479;Western & Southern Financial Group;1;0;6;0;0;0;6;0;0;13;
480;Owens Corning;2;0;8;0;0;0;0;4;0;14;
481;S&P Global;1;0;6;0;0;0;0;1;0;8;
482;Raymond James Financial;3;0;13;0;0;0;0;0;0;16;
483;NiSource;13;0;9;0;0;0;2;0;0;24;
484;Airgas;9;0;10;0;0;0;4;2;0;25;
485;ABM Industries;8;0;20;0;0;0;0;6;0;34;
486;Citizens Financial Group;7;0;5;0;0;0;3;3;0;18;
487;Booz Allen Hamilton Holding;3;0;9;0;0;0;0;0;0;12;
488;Simon Property Group;22;0;1;0;0;0;7;0;0;30;
489;Domtar;4;0;3;0;0;0;5;2;0;14;
490;Rockwell Collins;9;0;2;0;0;0;2;1;0;14;
491;Lam Research;12;0;15;0;0;0;1;1;0;29;
492;Fiserv;12;0;5;0;0;0;4;9;0;30;
493;Spectra Energy;5;0;27;0;0;0;0;4;0;36;
494;Navient;6;0;6;0;0;0;0;0;0;12;
495;Big Lots;11;0;75;0;0;0;1;3;0;90;
496;Telephone & Data Systems;9;0;1;0;0;0;0;1;0;11;
497;First American Financial;4;0;21;0;0;0;0;1;0;26;
498;NVR;12;0;0;0;0;0;1;0;0;13;
499;Cincinnati Financial;9;0;7;0;0;0;0;9;0;25;
500;Burlington Stores;17;0;24;0;0;0;26;0;0;67;