;Assets $;Market value $;Revenues $;Total Stockholder Equity $;company;The_page_opened;non-document-error;number_of_errors;number_of_warning;facebook;instagram;linkedin;pinterest;twitter;youtube;Flesh_Mesaure;Readability;Sentences;Unique words;Words;url;external;internal;total links;.bmp;.dib;.gif;.jpe;.jpeg;.jpg;.png;.tif;.tiff;total images;loading time;pixels;Proft_%_Revenues
0;199,581;215,356;482,13;80,546;Walmart;TRUE;0;814;1;TRUE;TRUE;FALSE;TRUE;TRUE;TRUE;n/a;n/a;n/a;n/a;n/a;www.walmart.com;39;170;209;0;0;29;134;134;94;42;7;0;440;0.212;59193112;2.9
1;336,758;347,129;246,204;170,811;Exxon Mobil;TRUE;0;55;29;TRUE;FALSE;FALSE;FALSE;FALSE;FALSE;n/a;n/a;n/a;n/a;n/a;www.exxonmobil.com;27;787;814;0;0;1;0;0;17;2;4;0;24;3.447;21587;12.3
2;290,479;604,304;233,715;119,355;Apple;TRUE;0;16;7;FALSE;FALSE;TRUE;FALSE;FALSE;TRUE;59.7;Fairly difficult;119;25;279;www.apple.com;5;273;278;0;0;1;0;0;0;2;0;0;3;0.023;3100190;7.4
3;552,257;350,279;210,821;255,55;Berkshire Hathaway;TRUE;0;4;0;FALSE;FALSE;FALSE;FALSE;FALSE;FALSE;55.6;Fairly difficult;27;39;197;www.berkshirehathaway.com;0;18;18;0;0;1;0;0;0;0;0;0;1;0.0;386427;5.6
4;53,87;35,945;181,241;8,001;McKesson;TRUE;0;83;62;TRUE;TRUE;TRUE;FALSE;TRUE;TRUE;25;Very Confusing;229;295;799;www.mckesson.com;4;178;182;0;0;0;0;0;6;7;0;0;13;0.649;6915051;4.2
5;111,383;122,542;157,107;33,83;UnitedHealth Group;TRUE;0;37;3;TRUE;FALSE;TRUE;FALSE;TRUE;FALSE;53.4;Fairly difficult;37;59;326;www.unitedhealthgroup.com;10;106;116;0;0;0;0;0;0;0;0;0;0;0.677;6071614;2.8
6;93,657;113,947;153,29;37,196;CVS Health;TRUE;0;42;23;TRUE;FALSE;TRUE;FALSE;TRUE;TRUE;35;Difficult;183;249;818;www.cvshealth.com;35;120;155;0;0;1;1;0;0;18;0;0;20;0.031;5156924;19.2
7;194,52;48,543;152,356;39,871;General Motors;TRUE;0;26;2;TRUE;FALSE;TRUE;FALSE;TRUE;TRUE;32.8;Difficult;231;74;600;www.gm.com;2;218;220;0;0;0;0;0;17;92;8;0;117;0.052;4679542;3.7
8;224,925;53,758;149,558;28,642;Ford Motor;TRUE;0;242;8;TRUE;TRUE;FALSE;FALSE;TRUE;TRUE;82.1;Easy;258;80;760;www.ford.com;76;273;349;0;0;27;59;59;59;69;7;0;280;0.18;24407939;13.6
9;402,672;240,943;146,801;122,671;"AT&amp;T";TRUE;0;37;5;TRUE;TRUE;TRUE;TRUE;TRUE;TRUE;71.5;Fairly easy;374;176;1267;www.att.com;132;239;371;0;1;1;0;0;12;30;8;0;52;0.354;20543535;12.5
10;492,692;295,174;140,389;98,274;General Electric;TRUE;0;45;0;TRUE;TRUE;TRUE;TRUE;TRUE;TRUE;51.2;Fairly difficult;80;43;192;www.ge.com;10;109;119;0;0;2;1;0;0;1;0;0;4;0.019;2805222;13.0
11;27,736;19,511;135,962;634;AmerisourceBergen;TRUE;0;3;0;FALSE;FALSE;FALSE;FALSE;FALSE;FALSE;n/a;n/a;n/a;n/a;n/a;www.amerisourcebergen.com;0;0;0;0;0;0;0;0;0;0;0;0;0;0.0;9286;2.7
12;244,64;220,646;131,62;16,428;Verizon;TRUE;0;20;6;FALSE;FALSE;FALSE;FALSE;FALSE;FALSE;46.1;Difficult;55;13;89;www.verizon.com;0;54;54;0;0;0;0;0;0;2;0;0;2;0.024;1335968;34.7
13;266,103;179,653;131,118;152,716;Chevron;TRUE;0;184;8;TRUE;FALSE;TRUE;FALSE;TRUE;TRUE;20.4;Very Confusing;348;311;926;www.chevron.com;6;291;297;0;0;4;0;0;11;13;0;0;28;0.045;6647415;4.4
14;33,44;69,183;116,199;10,617;Costco;TRUE;0;142;26;TRUE;FALSE;FALSE;TRUE;FALSE;FALSE;70.3;Standard;20;4;43;www.costco.com;17;270;287;0;0;4;0;0;33;46;8;0;91;0.09;15590841;15.9
15;3,221,917;1,621;110,359;4,03;Fannie Mae;TRUE;0;6;2;n/a;n/a;n/a;n/a;n/a;n/a;n/a;n/a;n/a;n/a;n/a;www.fanniemae.com;n/a;n/a;n/a;n/a;n/a;n/a;n/a;n/a;n/a;n/a;n/a;n/a;n/a;n/a;8962;1.4
16;33,897;36,815;109,83;6,82;Kroger;TRUE;1;0;0;TRUE;FALSE;FALSE;TRUE;TRUE;TRUE;43.5;Difficult;74;118;500;www.thekrogerco.com;10;95;105;0;0;1;0;0;9;31;3;0;44;0.325;2205748;6.9
17;65,444;279,511;107,006;13,384;Amazon.com;TRUE;0;60;16;FALSE;FALSE;FALSE;FALSE;FALSE;FALSE;73.3;Fairly easy;11;10;56;www.amazon.com;10;210;220;0;13;12;0;0;25;45;31;0;126;0.646;196771;5.4
18;68,782;90,874;103,444;30,861;Walgreens Boots Alliance;TRUE;0;1;3;FALSE;FALSE;FALSE;FALSE;TRUE;FALSE;37;Difficult;223;121;584;www.walgreensbootsalliance.com;0;116;116;0;0;0;0;0;9;0;1;0;10;0.602;3321309;9.5
19;106,882;21,272;103,355;27,768;HP;TRUE;0;42;214;TRUE;FALSE;TRUE;FALSE;TRUE;TRUE;57.9;Fairly difficult;273;149;763;www.hp.com;7;152;159;0;0;1;0;0;7;0;6;0;14;0.032;5563209;21.8
20;30,142;26,989;102,531;6,256;Cardinal Health;TRUE;1;0;0;TRUE;FALSE;TRUE;FALSE;TRUE;TRUE;39.5;Difficult;482;289;1316;www.cardinal.com;4;252;256;0;0;1;1;1;6;18;8;0;35;0.042;5299113;6.2
21;53,243;43,467;101,752;17,373;Express Scripts Holding;TRUE;0;9;1;FALSE;FALSE;FALSE;FALSE;FALSE;FALSE;47.5;Difficult;76;86;322;www.express-scripts.com;16;47;63;0;0;0;0;0;0;0;0;0;0;0.143;1397643;8.5
22;2,351,698;217,353;101,006;247,573;J.P. Morgan Chase;TRUE;0;9;0;TRUE;FALSE;TRUE;FALSE;TRUE;TRUE;45.4;Difficult;291;244;1343;www.jpmorganchase.com;32;244;276;0;0;0;0;0;23;30;2;0;55;0.384;6216414;1.5
23;94,408;82,645;96,114;6,335;Boeing;TRUE;1;0;0;FALSE;FALSE;FALSE;FALSE;FALSE;FALSE;53.7;Fairly difficult;183;116;545;www.boeing.com;4;161;165;0;0;0;0;0;112;0;0;0;112;0.515;3666223;-0.8
24;176,223;436,831;93,58;80,083;Microsoft;TRUE;0;406;73;FALSE;FALSE;FALSE;FALSE;FALSE;FALSE;42.7;Difficult;1;4;25;www.microsoft.com;79;41;120;0;0;5;0;0;0;1;0;0;6;0.047;20600;10.9
25;2,144,316;139,603;93,056;256,205;Bank of America Corp.;TRUE;0;43;104;FALSE;FALSE;FALSE;FALSE;FALSE;FALSE;50.4;Difficult;290;227;1534;www.bankofamerica.com;42;84;126;0;0;32;0;0;5;2;2;0;41;0.445;6094387;-99.5
26;1,787,632;244,568;90,033;192,998;Wells Fargo;TRUE;0;41;12;TRUE;TRUE;TRUE;TRUE;TRUE;TRUE;59;Fairly difficult;346;237;1515;www.wellsfargo.com;25;191;216;0;0;10;0;0;13;11;1;0;35;0.674;14877793;1.4
27;42,549;167,181;88,519;6,316;Home Depot;TRUE;0;28;14;TRUE;FALSE;FALSE;TRUE;TRUE;TRUE;65.3;Standard;254;56;723;www.homedepot.com;15;143;158;0;0;8;0;0;42;0;0;0;50;0.038;9311869;5.7
28;1,731,210;122,796;88,275;221,857;Citigroup;TRUE;0;2;0;FALSE;FALSE;FALSE;FALSE;FALSE;FALSE;66.7;Standard;5;4;29;www.citigroup.com;0;4;4;0;0;0;0;0;0;0;0;0;0;0.0;308786;10.4
29;48,58;45,566;87,169;23,1;Phillips 66;TRUE;1;0;0;TRUE;TRUE;FALSE;FALSE;TRUE;TRUE;47.8;Difficult;99;81;383;www.phillips66.com;1;80;81;0;0;4;0;0;12;25;0;0;41;1.443;4537979;6.6
30;110,495;145,525;82,461;14,262;IBM;TRUE;0;22;5;TRUE;FALSE;TRUE;FALSE;TRUE;TRUE;54.3;Fairly difficult;237;82;672;www.ibm.com;6;35;41;0;0;0;0;0;9;3;0;0;12;0.019;2691650;42.0
31;44,343;30,132;81,824;20,527;Valero Energy;TRUE;0;45;6;FALSE;FALSE;FALSE;FALSE;FALSE;FALSE;25;Very Confusing;125;113;393;www.valero.com;2;123;125;0;1;2;0;0;8;14;0;0;25;0.416;6905725;2.7
32;61,718;36,325;79,157;23,044;Anthem;TRUE;0;35;4;FALSE;FALSE;FALSE;FALSE;TRUE;TRUE;34.5;Difficult;84;76;291;www.antheminc.com;7;71;78;0;0;3;0;0;8;16;0;0;27;0.007;1760723;15.3
33;129,495;222,613;78,756;62,419;"Procter &amp; Gamble";TRUE;0;8;2;FALSE;FALSE;FALSE;FALSE;FALSE;FALSE;n/a;n/a;n/a;n/a;n/a;www.pg.com;0;0;0;0;0;0;0;0;0;0;0;0;0;0.2;1020275;1.0
34;241,183;not available;75,697;82,66;State Farm Insurance Cos.;TRUE;0;47;10;TRUE;FALSE;TRUE;FALSE;TRUE;TRUE;46.6;Difficult;321;171;1004;www.statefarm.com;158;21;179;0;0;0;0;0;10;4;2;0;16;0.192;14318540;11.1
35;147,461;525,119;74,989;120,331;Alphabet;TRUE;0;18;2;FALSE;FALSE;FALSE;FALSE;FALSE;TRUE;48.5;Difficult;28;5;41;www.google.com;10;33;43;23;0;0;0;0;0;14;0;0;37;0.073;1077820;15.9
36;166,574;149,182;74,51;52,269;Comcast;TRUE;1;0;0;TRUE;FALSE;TRUE;FALSE;TRUE;TRUE;43.8;Difficult;213;149;651;www.comcastcorporation.com;2;172;174;0;0;0;0;0;4;9;0;0;13;0.023;3232550;7.0
37;40,262;49,367;73,785;12,957;Target;TRUE;0;5;0;FALSE;FALSE;FALSE;FALSE;FALSE;FALSE;n/a;n/a;n/a;n/a;n/a;www.target.com;6;23;29;0;0;6;0;0;0;12;0;0;18;0.687;18744;0.6
38;133,411;298,563;70,074;71,15;"Johnson &amp; Johnson";TRUE;0;44;9;TRUE;FALSE;TRUE;FALSE;TRUE;TRUE;55.4;Fairly difficult;165;172;929;www.jnj.com;123;46;169;0;0;3;0;0;22;8;1;0;34;0.044;6173607;13.7
39;877,933;48,188;69,951;67,949;MetLife;TRUE;0;23;13;TRUE;FALSE;TRUE;FALSE;TRUE;TRUE;41.2;Difficult;265;278;1219;www.metlife.com;68;183;251;0;0;0;0;0;14;23;5;0;42;0.054;9093820;-3.5
40;40,157;21,32;67,702;17,899;Archer Daniels Midland;TRUE;1;0;0;FALSE;FALSE;FALSE;FALSE;FALSE;FALSE;40.1;Difficult;87;69;373;www.adm.com;0;90;90;0;0;1;0;0;5;0;1;0;7;0.058;3868143;3.1
41;43,115;19,677;64,566;13,237;Marathon Petroleum;TRUE;0;25;4;TRUE;TRUE;TRUE;FALSE;TRUE;TRUE;22.3;Very Confusing;128;148;404;www.marathonpetroleum.com;15;115;130;0;0;8;0;0;3;10;0;0;21;0.313;1639856;15.1
42;1,986,050;871;63,491;2,94;Freddie Mac;TRUE;1;0;0;TRUE;FALSE;TRUE;FALSE;TRUE;TRUE;56.8;Fairly difficult;127;88;490;www.freddiemac.com;8;94;102;0;0;1;0;0;2;10;28;0;41;0.429;3801225;-35.6
43;69,667;149,753;63,056;11,923;PepsiCo;TRUE;0;30;7;TRUE;TRUE;TRUE;TRUE;TRUE;TRUE;47.4;Difficult;223;185;734;www.pepsico.com;11;252;263;0;0;2;0;0;20;29;0;0;51;0.077;8415977;-7.6
44;87,484;83,727;61,047;27,358;United Technologies;TRUE;1;0;0;TRUE;TRUE;TRUE;FALSE;TRUE;TRUE;41.8;Difficult;271;164;892;www.utc.com;7;213;220;0;0;1;5;5;118;18;1;0;148;0.372;268344;7.2
45;53,424;39,278;60,337;16,114;Aetna;TRUE;0;27;1;TRUE;FALSE;TRUE;FALSE;TRUE;TRUE;53.3;Fairly difficult;739;212;1937;www.aetna.com;49;231;280;0;0;3;0;0;12;27;10;0;52;0.59;n/a;10.2
46;31,266;67,981;59,074;7,654;Lowe’s;TRUE;0;78;8;TRUE;TRUE;FALSE;TRUE;TRUE;TRUE;59.1;Fairly difficult;24;27;204;www.lowes.com;24;84;108;0;0;4;0;0;0;3;0;0;7;0.028;5146893;5.4
47;38,311;93,277;58,363;2,47;UPS;TRUE;0;7;0;FALSE;FALSE;FALSE;FALSE;FALSE;FALSE;-166.8;Very Confusing;11;307;382;www.ups.com;0;6;6;0;0;12;0;0;0;0;0;0;12;0.002;1881526;18.7
48;496,943;61,283;58,327;89,658;AIG;TRUE;0;20;16;TRUE;FALSE;TRUE;FALSE;TRUE;TRUE;58.6;Fairly difficult;161;72;435;www.aig.com;14;82;96;0;0;0;0;0;19;8;4;0;31;0.032;4216008;6.1
49;757,388;32,086;57,119;41,89;Prudential Financial;TRUE;0;64;18;TRUE;TRUE;TRUE;TRUE;TRUE;TRUE;42.4;Difficult;400;295;1460;www.prudential.com;31;200;231;0;0;13;0;0;9;13;0;0;35;0.466;9808038;10.7
50;103,065;152,821;55,355;61,085;Intel;TRUE;0;1;0;FALSE;FALSE;FALSE;FALSE;FALSE;FALSE;57.9;Fairly difficult;70;57;287;www.intel.com;0;98;98;0;0;0;0;0;0;1;0;0;1;0.005;1465085;6.5
51;24,705;27,263;54,289;10,346;Humana;TRUE;0;11;9;TRUE;FALSE;TRUE;FALSE;TRUE;TRUE;39.7;Difficult;248;424;1494;www.humana.com;10;82;92;0;0;0;0;0;3;4;2;0;9;0.073;18807;3.2
52;88,182;162,031;52,465;44,525;Disney;TRUE;0;83;18;TRUE;TRUE;FALSE;TRUE;TRUE;TRUE;78.1;Fairly easy;229;106;1021;www.disney.com;196;364;560;0;35;55;968;968;0;129;7;0;2162;0.518;49489796;7.5
53;113,481;143,265;49,161;59,698;Cisco Systems;TRUE;0;4;2;TRUE;FALSE;FALSE;FALSE;TRUE;FALSE;42.4;Difficult;182;151;695;www.cisco.com;23;308;331;0;0;5;1;1;14;0;10;0;31;0.032;5367213;6.7
54;167,46;183,298;48,851;64,72;Pfizer;TRUE;0;32;11;TRUE;FALSE;TRUE;FALSE;TRUE;TRUE;28.2;Very Confusing;309;270;912;www.pfizer.com;2;312;314;0;0;3;0;0;11;7;3;0;24;0.202;9313778;7.6
55;68,026;56,816;48,778;25,374;Dow Chemical;TRUE;0;14;2;TRUE;FALSE;TRUE;FALSE;TRUE;TRUE;36.3;Difficult;171;173;621;www.dow.com;1;159;160;0;0;0;0;0;0;2;6;0;8;0.025;4049943;0.3
56;17,989;26,384;48,681;5,26;Sysco;TRUE;1;0;0;TRUE;FALSE;TRUE;FALSE;TRUE;FALSE;35.2;Difficult;44;83;314;www.sysco.com;6;32;38;0;0;0;0;0;0;6;0;0;6;0.368;1354054;8.5
57;37,069;43,678;47,453;14,993;FedEx;TRUE;0;8;0;FALSE;FALSE;FALSE;FALSE;FALSE;FALSE;-96.5;Very Confusing;49;246;543;www.fedex.com;0;286;286;0;0;3;0;0;0;1;0;0;4;0.03;143339;0.5
58;78,497;44,571;47,011;14,809;Caterpillar;TRUE;1;0;0;FALSE;FALSE;FALSE;FALSE;FALSE;FALSE;n/a;n/a;n/a;n/a;n/a;www.caterpillar.com;1;160;161;0;0;1;0;0;0;0;0;0;1;0.017;3659991;7.3
59;49,128;67,508;46,132;3,097;Lockheed Martin;TRUE;0;18;0;TRUE;TRUE;TRUE;FALSE;TRUE;TRUE;24.4;Very Confusing;111;113;348;www.lockheedmartin.com;4;123;127;0;0;1;0;0;12;12;3;0;28;0.67;2074170;-9.6
60;271,668;not available;45,891;19,496;New York Life Insurance;TRUE;0;26;15;FALSE;FALSE;FALSE;FALSE;FALSE;FALSE;58.5;Fairly difficult;129;141;688;www.newyorklife.com;4;74;78;0;0;0;0;0;96;0;2;0;98;0.342;4544974;10.1
61;90,093;200,845;44,294;25,554;Coca-Cola;TRUE;0;471;20;TRUE;TRUE;TRUE;FALSE;TRUE;TRUE;54.2;Fairly difficult;360;257;1648;www.coca-colacompany.com;5;377;382;0;0;0;15;15;261;159;2;0;452;0.577;20097288;0.5
62;32,744;30,89;43,591;-7,599;HCA Holdings;TRUE;0;18;17;n/a;n/a;n/a;n/a;n/a;n/a;n/a;n/a;n/a;n/a;n/a;www.hcahealthcare.com;n/a;n/a;n/a;n/a;n/a;n/a;n/a;n/a;n/a;n/a;n/a;n/a;n/a;n/a;n/a;-37.6
63;12,307;5,328;43,026;3,968;Ingram Micro;TRUE;0;11;3;FALSE;FALSE;FALSE;FALSE;FALSE;FALSE;52.3;Fairly difficult;5;9;32;www.ingrammicro.com;1;4;5;0;0;1;0;0;1;0;0;0;2;0.0;576396;10.8
64;71,189;7,449;42,126;-932;Energy Transfer Equity;TRUE;1;0;0;FALSE;FALSE;FALSE;FALSE;FALSE;FALSE;60.8;Fairly difficult;3;3;15;www.energytransfer.com;1;139;140;0;0;21;0;0;11;6;2;0;40;0.537;16622;7.4
65;23,004;26,331;41,373;9,691;Tyson Foods;TRUE;1;0;0;TRUE;TRUE;TRUE;TRUE;TRUE;TRUE;49.9;Difficult;120;74;314;www.tysonfoods.com;6;120;126;0;0;0;0;0;1;2;0;0;3;0.334;3507608;4.6
66;48,415;24,73;40,99;5,635;American Airlines Group;TRUE;0;13;5;TRUE;FALSE;FALSE;FALSE;TRUE;TRUE;66.4;Standard;2;1;10;www.aa.com;5;74;79;0;0;5;0;0;8;10;0;0;23;0.037;4700478;5.9
67;53,134;37,898;40,704;10,85;Delta Air Lines;TRUE;0;2;0;TRUE;FALSE;FALSE;FALSE;TRUE;FALSE;n/a;n/a;n/a;n/a;n/a;www.delta.com;8;214;222;0;0;18;0;0;7;44;6;0;75;0.225;18197728;8.3
68;185,306;not available;40,222;15,095;Nationwide;TRUE;0;41;6;TRUE;FALSE;FALSE;FALSE;TRUE;TRUE;45;Difficult;249;217;907;www.nationwide.com;19;164;183;0;0;15;0;0;35;1;4;0;55;0.525;6184891;12.5
69;29,673;25,262;40,204;10,376;Johnson Controls;TRUE;0;8;0;TRUE;TRUE;TRUE;FALSE;TRUE;TRUE;45.2;Difficult;267;443;1975;www.johnsoncontrols.com;13;148;161;0;0;0;0;0;8;8;2;0;18;0.059;7410369;2.5
70;13,519;10,489;39,745;4,378;Best Buy;TRUE;0;91;4;n/a;n/a;n/a;n/a;n/a;n/a;n/a;n/a;n/a;n/a;n/a;www.bestbuy.com;n/a;n/a;n/a;n/a;n/a;n/a;n/a;n/a;n/a;n/a;n/a;n/a;n/a;n/a;321706;3.0
71;101,779;146,839;39,498;44,676;Merck;TRUE;0;17;14;TRUE;FALSE;TRUE;FALSE;TRUE;FALSE;45.7;Difficult;557;634;2632;www.merck.com;8;659;667;0;0;3;0;0;11;20;7;0;41;0.162;18689;13.9
72;121,707;not available;39,45;19,143;Liberty Mutual Insurance Group;TRUE;0;40;8;TRUE;FALSE;TRUE;FALSE;TRUE;TRUE;70.2;Standard;212;115;805;www.libertymutual.com;47;91;138;0;0;1;0;0;7;2;1;0;11;0.033;7606073;2.6
73;861,395;69,253;39,208;86,728;Goldman Sachs Group;TRUE;0;36;7;FALSE;FALSE;TRUE;FALSE;TRUE;TRUE;61;Standard;141;146;903;www.gs.com;5;132;137;0;0;1;0;0;13;0;0;0;14;0.023;2787691;0.6
74;49,316;85,308;38,581;18,283;Honeywell International;TRUE;0;160;3;FALSE;FALSE;FALSE;FALSE;TRUE;TRUE;21.2;Very Confusing;266;133;432;www.honeywell.com;24;146;170;0;0;5;0;0;110;35;1;0;151;0.154;6625776;0.1
75;266,55;not available;38,243;14,983;Massachusetts Mutual Life Insurance;TRUE;0;35;15;TRUE;FALSE;TRUE;TRUE;TRUE;TRUE;49.6;Difficult;164;222;891;www.massmutual.com;3;123;126;0;0;3;0;0;45;123;27;0;198;0.083;6861721;10.3
76;110,903;169,771;38,226;48,663;Oracle;TRUE;0;18;3;FALSE;FALSE;FALSE;FALSE;FALSE;TRUE;46.2;Difficult;219;290;1144;www.oracle.com;94;54;148;0;0;0;0;0;76;0;2;0;78;0.037;4046483;3.8
77;787,465;48,984;37,897;75,182;Morgan Stanley;TRUE;0;23;4;TRUE;TRUE;TRUE;FALSE;TRUE;TRUE;49.9;Difficult;308;193;1142;www.morganstanley.com;12;145;157;0;0;0;0;0;145;23;0;0;168;0.068;5649066;1.5
78;57,088;35,101;37,876;12,035;Cigna;TRUE;0;134;20;TRUE;TRUE;TRUE;TRUE;TRUE;TRUE;121.2;Very easy;1;0;1;www.cigna.com;21;356;377;0;0;2;0;0;5;6;2;0;15;0.488;7742519;9.1
79;40,861;21,519;37,864;8,966;United Continental Holdings;TRUE;1;0;0;TRUE;TRUE;TRUE;FALSE;TRUE;TRUE;49.7;Difficult;77;57;291;www.unitedcontinentalholdings.com;3;74;77;0;0;0;0;0;5;11;0;0;16;0.53;4550464;5.7
80;104,656;25,486;35,653;20,025;Allstate;TRUE;0;134;191;TRUE;TRUE;TRUE;TRUE;TRUE;TRUE;52;Fairly difficult;219;125;709;www.allstate.com;37;167;204;0;0;15;0;0;1;23;77;0;116;0.064;10566943;15.5
81;517,963;not available;35,181;34,736;TIAA;TRUE;0;103;30;TRUE;FALSE;TRUE;FALSE;TRUE;TRUE;51;Fairly difficult;515;299;1744;www.tiaa.org;62;255;317;0;0;0;0;0;62;22;3;0;87;0.08;10617528;5.6
82;5,07;503;34,693;397;INTL FCStone;TRUE;0;37;35;FALSE;FALSE;TRUE;FALSE;TRUE;TRUE;n/a;n/a;n/a;n/a;n/a;www.intlfcstone.com;12;261;273;0;0;0;0;0;7;2;1;0;10;0.587;5742786;-1.2
83;15,228;not available;34,582;7,658;CHS;TRUE;0;31;5;FALSE;FALSE;TRUE;FALSE;FALSE;TRUE;46.8;Difficult;234;217;811;www.chsinc.com;6;214;220;0;0;1;0;0;0;0;1;0;2;1.073;13886205;2.3
84;161,184;58,842;34,441;20,673;American Express;TRUE;0;25;3;TRUE;FALSE;TRUE;FALSE;TRUE;TRUE;53.5;Fairly difficult;274;172;972;www.americanexpress.com;138;237;375;0;0;26;0;0;1;1;0;0;28;0.042;6371497;6.9
85;51,839;124,437;32,639;18,534;Gilead Sciences;TRUE;0;14;1;FALSE;FALSE;FALSE;FALSE;FALSE;FALSE;52;Fairly difficult;210;181;1145;www.gilead.com;7;140;147;0;0;0;0;0;3;10;4;0;17;0.121;269195;6.6
86;16,359;not available;32,619;12,394;Publix Super Markets;TRUE;0;8;0;FALSE;FALSE;FALSE;FALSE;FALSE;FALSE;67.4;Standard;324;77;975;www.publix.com;0;9;9;0;0;0;0;0;1;1;0;0;2;0.001;239630;-12.1
87;31,997;40,286;31,469;10,738;General Dynamics;TRUE;0;9;1;FALSE;FALSE;FALSE;FALSE;FALSE;FALSE;44.6;Difficult;88;114;452;www.generaldynamics.com;0;65;65;0;0;1;1;0;70;24;1;0;97;0.6;4829332;12.2
88;11,5;51,914;30,945;4,307;TJX;TRUE;0;3;0;TRUE;TRUE;TRUE;FALSE;TRUE;FALSE;37.3;Difficult;413;256;1020;www.tjx.com;7;287;294;0;0;0;0;0;26;1;4;0;31;0.576;3663074;13.1
89;97,484;49,869;30,935;39,762;ConocoPhillips;TRUE;1;0;0;TRUE;FALSE;TRUE;FALSE;TRUE;TRUE;41.7;Difficult;241;182;713;www.conocophillips.com;7;135;142;1;0;1;0;0;5;5;2;0;14;0.368;11185259;2.8
90;21,6;104,693;30,601;12,707;Nike;TRUE;0;89;2;n/a;n/a;n/a;n/a;n/a;n/a;n/a;n/a;n/a;n/a;n/a;www.nike.com;n/a;n/a;n/a;n/a;n/a;n/a;n/a;n/a;n/a;n/a;n/a;n/a;n/a;n/a;4558023;6.2
91;4,549;3,44;30,38;1,911;World Fuel Services;TRUE;0;6;0;FALSE;FALSE;FALSE;FALSE;FALSE;FALSE;26;Very Confusing;107;114;331;www.wfscorp.com;29;78;107;0;0;1;1;0;9;9;0;0;20;0.322;3524055;-2.8
92;32,718;100,946;30,274;11,708;3M;TRUE;0;18;1;TRUE;TRUE;TRUE;FALSE;TRUE;TRUE;12.7;Very Confusing;236;94;486;www.3m.com;3;152;155;0;0;0;0;0;4;17;0;0;21;0.021;3043647;5.9
93;62,843;62,472;29,636;28,012;Mondelez International;TRUE;0;442;47;TRUE;TRUE;FALSE;FALSE;TRUE;TRUE;14.5;Very Confusing;2;1;4;www.mondelezinternational.com;545;197;742;2;2;1;0;0;363;42;301;0;711;0.762;55476065;12.5
94;95,384;33,052;29,447;25,793;Exelon;TRUE;1;0;0;TRUE;FALSE;TRUE;FALSE;TRUE;FALSE;-441.2;Very Confusing;1;4;5;www.exeloncorp.com;3;375;378;0;0;1;0;0;8;34;1;0;44;0.786;16859881;16.2
95;50,051;53,473;28,987;17,22;Twenty-First Century Fox;TRUE;0;19;9;TRUE;FALSE;FALSE;FALSE;TRUE;TRUE;30.8;Very Confusing;117;108;324;www.21cf.com;23;96;119;0;0;1;1;0;9;22;0;0;33;0.175;4077689;10.6
96;57,948;24,277;28,863;6,743;Deere;TRUE;0;44;4;TRUE;TRUE;TRUE;FALSE;TRUE;TRUE;53.9;Fairly difficult;145;117;579;www.johndeere.com;12;126;138;0;0;12;0;0;17;2;1;0;32;0.112;4355522;9.3
97;16,332;10,311;28,15;5,213;Tesoro;TRUE;1;0;0;n/a;n/a;n/a;n/a;n/a;n/a;n/a;n/a;n/a;n/a;n/a;www.tsocorp.com;n/a;n/a;n/a;n/a;n/a;n/a;n/a;n/a;n/a;n/a;n/a;n/a;n/a;n/a;3119121;8.1
98;63,848;57,326;28,118;23,619;Time Warner;TRUE;1;0;0;TRUE;TRUE;FALSE;FALSE;TRUE;TRUE;46.6;Difficult;54;45;180;www.timewarner.com;0;54;54;0;0;4;1;0;26;49;0;0;80;0.377;3361907;3.6
99;238,472;not available;28,111;19,656;Northwestern Mutual;TRUE;0;41;0;TRUE;TRUE;TRUE;TRUE;TRUE;TRUE;32.6;Difficult;143;191;730;www.northwesternmutual.com;29;93;122;0;0;1;0;0;1;13;2;0;17;0.22;4205998;22.3
100;41,166;55,289;27,94;9,993;DuPont;TRUE;0;2;0;TRUE;FALSE;TRUE;FALSE;TRUE;TRUE;39.5;Difficult;199;416;1613;www.dupont.com;2;111;113;0;0;4;0;0;12;31;1;0;48;0.097;6952502;13.5
101;10,8;5,815;27,925;4,685;Avnet;TRUE;1;0;0;TRUE;FALSE;TRUE;FALSE;TRUE;TRUE;37;Difficult;274;161;741;www.avnet.com;18;121;139;0;0;1;0;0;12;43;4;0;60;0.85;89465;2.7
102;20,576;13,746;27,079;4,25;Macy’s;TRUE;0;32;0;FALSE;FALSE;FALSE;FALSE;FALSE;FALSE;43;Difficult;76;52;290;www.macysinc.com;0;75;75;0;0;0;0;0;8;0;0;0;8;0.32;1319896;12.5
103;48,952;49,764;27,028;20,295;Enterprise Products Partners;TRUE;0;20;8;TRUE;FALSE;TRUE;FALSE;TRUE;FALSE;43.8;Difficult;243;236;979;www.enterpriseproducts.com;1;130;131;0;0;2;0;0;5;15;6;0;28;0.517;6597189;9.1
104;100,184;34,427;26,8;23,598;Travelers Cos.;TRUE;0;24;10;TRUE;FALSE;TRUE;FALSE;TRUE;TRUE;49.2;Difficult;255;214;919;www.travelers.com;6;184;190;0;0;0;0;0;9;6;0;0;15;0.089;6234687;2.2
105;33,956;152,193;26,794;-13,244;Philip Morris International;TRUE;0;7;1;TRUE;FALSE;TRUE;FALSE;TRUE;TRUE;48.5;Difficult;105;134;593;www.pmi.com;10;67;77;0;0;0;0;0;8;3;4;0;15;0.022;9283139;4.6
106;8,863;8,529;26,528;57;Rite Aid;TRUE;0;44;27;TRUE;FALSE;FALSE;FALSE;TRUE;TRUE;n/a;n/a;n/a;n/a;n/a;www.riteaid.com;36;151;187;0;0;1;1;1;5;18;0;0;26;0.176;6932874;-46.5
107;6,358;2,694;26,38;2,006;Tech Data;TRUE;0;36;10;FALSE;FALSE;FALSE;FALSE;FALSE;TRUE;n/a;n/a;n/a;n/a;n/a;www.techdata.com;3;33;36;0;0;0;0;0;9;15;5;0;29;0.066;2792770;2.6
108;37,939;113,314;25,413;7,088;McDonald’s;TRUE;0;89;22;TRUE;FALSE;TRUE;TRUE;TRUE;TRUE;14.8;Very Confusing;43;39;147;www.aboutmcdonalds.com;1;94;95;0;0;0;0;0;12;35;1;0;48;0.065;4251458;9.6
109;50,796;76,449;25,281;31,421;Qualcomm;TRUE;0;28;3;TRUE;FALSE;FALSE;FALSE;FALSE;FALSE;48.9;Difficult;146;128;528;www.qualcomm.com;45;81;126;0;0;0;0;0;2;16;0;0;18;0.024;2016286;1.9
110;11,337;1,635;25,146;-1,963;Sears Holdings;TRUE;0;21;0;TRUE;FALSE;TRUE;FALSE;TRUE;TRUE;45.5;Difficult;165;69;388;www.searsholdings.com;5;110;115;0;0;0;0;0;9;11;1;0;21;0.156;1619862;6.9
111;334,048;35,977;25,098;47,284;Capital One Financial;TRUE;0;253;11;TRUE;TRUE;TRUE;FALSE;TRUE;TRUE;56.2;Fairly difficult;259;209;1139;www.capitalone.com;160;100;260;0;0;3;1;1;5;18;2;0;30;0.12;11294962;11.9
112;46,612;51,889;24,704;21,14;EMC;TRUE;0;63;5;FALSE;FALSE;FALSE;FALSE;FALSE;FALSE;57.6;Fairly difficult;279;179;1102;www.emc.com;39;175;214;0;0;0;0;0;30;13;1;0;44;0.049;6182665;-347.4
113;137,077;not available;24,361;27,725;USAA;TRUE;0;3;0;FALSE;FALSE;FALSE;FALSE;FALSE;FALSE;61.1;Standard;18;26;169;www.usaa.com;0;1;1;0;0;0;0;0;0;1;0;0;1;0.005;3908227;0.9
114;121,156;55,572;24,002;39,727;Duke Energy;TRUE;0;414;25;TRUE;TRUE;TRUE;FALSE;TRUE;TRUE;71.9;Fairly easy;207;126;803;www.duke-energy.com;47;147;194;0;0;2;0;0;6;2;5;0;15;0.635;9725369;-0.7
115;49,277;57,963;23,697;8,995;Time Warner Cable;TRUE;0;4;1;TRUE;TRUE;FALSE;FALSE;TRUE;TRUE;54.4;Fairly difficult;47;30;148;www.twc.com;5;68;73;0;2;0;0;0;1;9;0;0;12;0.717;17768776;11.5
116;36,942;30,66;23,633;15,462;Halliburton;TRUE;1;0;0;TRUE;FALSE;TRUE;FALSE;TRUE;TRUE;17.4;Very Confusing;179;233;919;www.halliburton.com;6;164;170;0;0;7;0;0;1;42;3;0;53;0.78;5229884;4.2
117;24,454;35,809;23,526;5,522;Northrop Grumman;TRUE;0;9;6;FALSE;FALSE;FALSE;FALSE;FALSE;FALSE;67.2;Standard;48;5;91;www.northropgrumman.com;0;29;29;0;0;1;0;0;0;4;2;0;7;0.056;2020658;-7.6
118;13,022;5,902;23,282;4,142;Arrow Electronics;TRUE;0;38;28;n/a;n/a;n/a;n/a;n/a;n/a;n/a;n/a;n/a;n/a;n/a;www.arrow.com;n/a;n/a;n/a;n/a;n/a;n/a;n/a;n/a;n/a;n/a;n/a;n/a;n/a;n/a;n/a;12.5
119;29,281;36,666;23,247;10,128;Raytheon;TRUE;1;0;0;TRUE;TRUE;TRUE;FALSE;TRUE;TRUE;55.6;Fairly difficult;159;84;518;www.raytheon.com;2;133;135;0;0;3;0;0;21;6;0;0;30;0.201;2715430;2.6
120;24,142;5,423;23,152;1,762;Plains GP Holdings;TRUE;0;11;1;FALSE;FALSE;FALSE;FALSE;FALSE;FALSE;34.7;Difficult;164;213;673;www.plainsallamerican.com;1;145;146;0;0;0;0;0;13;0;4;0;17;0.242;3464252;4.0
121;9,239;not available;23,128;1,873;US Foods Holding;TRUE;0;1;0;FALSE;FALSE;FALSE;FALSE;FALSE;FALSE;36.6;Difficult;1;0;1;www.usfoods.com;1;2;3;0;0;0;0;0;0;0;0;0;0;0.001;52119;1.8
122;53,05;92,405;22,859;3,945;AbbVie;TRUE;0;23;8;TRUE;FALSE;TRUE;FALSE;TRUE;TRUE;36.5;Difficult;299;176;905;www.abbvie.com;16;174;190;0;0;6;0;0;90;2;11;0;109;0.272;6757778;5.8
123;7,339;10,464;22,795;2,157;Centene;TRUE;1;0;0;TRUE;FALSE;TRUE;FALSE;TRUE;TRUE;61.1;Standard;82;57;370;www.centene.com;1;44;45;0;0;0;0;0;5;9;0;0;14;0.201;1719146;12.4
124;26,861;2,087;22,678;4,019;Community Health Systems;TRUE;1;0;0;FALSE;FALSE;FALSE;FALSE;FALSE;FALSE;29.9;Very Confusing;76;122;380;www.chs.net;0;85;85;0;0;0;0;0;7;3;0;0;10;0.177;2675027;24.3
125;36,528;12,596;22,534;12,046;Alcoa;TRUE;0;33;18;TRUE;FALSE;TRUE;FALSE;TRUE;TRUE;n/a;n/a;n/a;n/a;n/a;www.alcoa.com;0;218;218;0;0;0;0;0;14;25;0;0;39;0.411;5415217;4.8
126;30,587;16,874;22,365;3,884;International Paper;TRUE;0;31;8;TRUE;FALSE;TRUE;FALSE;TRUE;TRUE;38.4;Difficult;262;297;1392;www.internationalpaper.com;3;180;183;0;0;0;0;0;10;23;4;0;37;0.384;5258407;2.6
127;22,088;34,973;22,304;8,081;Emerson Electric;TRUE;0;15;0;TRUE;FALSE;TRUE;FALSE;TRUE;TRUE;18.6;Very Confusing;213;280;761;www.emerson.com;1;216;217;0;0;0;0;0;80;11;0;0;91;0.392;5745168;7.1
128;54,6;67,332;21,813;20,702;Union Pacific;TRUE;0;14;7;TRUE;TRUE;TRUE;FALSE;TRUE;TRUE;45.4;Difficult;122;89;384;www.up.com;7;131;138;0;0;0;0;0;7;4;0;0;11;0.18;2101342;-1.3
129;71,576;112,761;21,662;28,083;Amgen;TRUE;0;70;13;FALSE;FALSE;TRUE;FALSE;TRUE;TRUE;38.3;Difficult;387;319;1260;www.amgen.com;12;308;320;0;0;0;0;0;0;1;0;0;1;1.223;12823979;9.9
130;421,853;70,518;21,494;46,131;U.S. Bancorp;TRUE;0;32;9;FALSE;FALSE;FALSE;FALSE;FALSE;FALSE;63.9;Standard;317;106;809;www.usbank.com;20;139;159;0;0;4;0;0;12;12;13;0;41;0.084;4136023;-16.0
131;10,172;7,123;21,059;5,376;Staples;TRUE;0;995;5;TRUE;FALSE;FALSE;FALSE;FALSE;FALSE;52.7;Fairly difficult;816;382;2035;www.staples.com;3;721;724;0;0;7;0;0;2;6;8;0;23;0.334;23311873;5.9
132;48,222;65,184;20,909;23,69;Danaher;TRUE;1;0;0;FALSE;FALSE;TRUE;FALSE;TRUE;TRUE;49.3;Difficult;53;67;282;www.danaher.com;6;75;81;0;0;1;1;0;0;13;2;0;17;0.352;5372885;7.0
133;19,01;13,945;20,891;4,743;Whirlpool;TRUE;1;0;0;FALSE;FALSE;TRUE;FALSE;TRUE;TRUE;59.1;Fairly difficult;123;54;417;www.whirlpoolcorp.com;10;96;106;0;0;1;0;0;16;12;0;0;29;0.33;4856296;4.6
134;118,296;26,458;20,872;17,708;Aflac;TRUE;0;11;1;TRUE;TRUE;TRUE;FALSE;TRUE;TRUE;31.7;Difficult;83;61;310;www.aflac.com;8;35;43;0;0;0;0;0;4;15;1;0;20;0.141;1898322;-0.4
135;9,558;4,813;20,862;2,349;AutoNation;TRUE;1;0;0;n/a;n/a;n/a;n/a;n/a;n/a;n/a;n/a;n/a;n/a;n/a;www.autonation.com;n/a;n/a;n/a;n/a;n/a;n/a;n/a;n/a;n/a;n/a;n/a;n/a;n/a;n/a;770989;4.5
136;29,819;20,487;20,854;7,289;Progressive;TRUE;0;62;16;TRUE;FALSE;FALSE;FALSE;TRUE;TRUE;54.8;Fairly difficult;246;184;930;www.progressive.com;106;106;212;0;0;2;0;0;1;4;0;0;7;0.019;4576371;-7.8
137;41,247;61,626;20,661;21,211;Abbott Laboratories;TRUE;0;13;7;TRUE;TRUE;TRUE;FALSE;TRUE;TRUE;62.7;Standard;140;61;603;www.abbott.com;6;65;71;0;0;2;0;0;153;16;1;0;172;0.122;5881307;-9.4
138;11,258;24,522;20,369;5,378;Dollar General;TRUE;0;27;5;TRUE;TRUE;TRUE;TRUE;TRUE;FALSE;68.7;Standard;176;84;790;www.dollargeneral.com;16;304;320;0;0;8;0;0;64;16;1;0;89;0.445;10446878;6.9
139;23,682;2,871;20,111;691;Tenet Healthcare;TRUE;0;31;5;FALSE;FALSE;FALSE;FALSE;FALSE;TRUE;69.2;Standard;115;52;406;www.tenethealth.com;13;75;88;0;0;0;1;1;15;2;0;0;19;0.368;2410706;7.3
140;35,569;79,535;19,959;14,571;Eli Lilly;TRUE;0;1;1;TRUE;TRUE;TRUE;FALSE;TRUE;TRUE;23.9;Very Confusing;150;89;303;www.lilly.com;19;130;149;0;0;0;0;0;5;17;4;0;26;0.336;3086579;3.6
141;21,312;28,586;19,82;7,358;Southwest Airlines;TRUE;0;98;6;n/a;n/a;n/a;n/a;n/a;n/a;n/a;n/a;n/a;n/a;n/a;www.southwest.com;n/a;n/a;n/a;n/a;n/a;n/a;n/a;n/a;n/a;n/a;n/a;n/a;n/a;n/a;19150;-3.2
142;8,023;3,269;19,361;1,79;Penske Automotive Group;TRUE;0;7;5;TRUE;FALSE;FALSE;FALSE;TRUE;TRUE;13.4;Very Confusing;107;86;483;www.penskeautomotive.com;1;128;129;0;0;2;0;0;12;55;0;0;69;0.265;3162197;9.5
143;7,518;5,878;19,33;2,625;ManpowerGroup;TRUE;1;0;0;TRUE;FALSE;TRUE;FALSE;TRUE;TRUE;4.4;Very Confusing;68;138;507;www.manpowergroup.com;5;32;37;0;0;0;0;0;6;7;0;0;13;0.313;2160026;2.8
144;13,606;8,631;19,204;5,491;Kohl’s;TRUE;0;34;14;TRUE;TRUE;FALSE;TRUE;TRUE;TRUE;60.4;Fairly difficult;199;131;789;www.kohlscorporation.com;11;114;125;0;2;9;0;0;38;1;0;0;50;0.029;19831;-1.7
145;12,446;88,243;19,163;5,818;Starbucks;TRUE;0;40;2;TRUE;TRUE;TRUE;TRUE;TRUE;TRUE;76.4;Fairly easy;30;6;65;www.starbucks.com;64;296;360;0;0;25;0;0;9;13;2;0;49;0.133;7607899;6.0
146;21,11;19,216;19,115;6,94;Paccar;TRUE;1;0;0;FALSE;FALSE;FALSE;FALSE;FALSE;FALSE;28.3;Very Confusing;141;66;296;www.paccar.com;0;157;157;0;0;1;0;0;13;14;0;0;28;0.315;2882755;9.2
147;15,134;18,728;19,11;7,406;Cummins;TRUE;0;21;17;TRUE;TRUE;TRUE;FALSE;TRUE;TRUE;n/a;n/a;n/a;n/a;n/a;www.cummins.com;10;115;125;0;0;1;1;0;0;4;0;0;6;0.064;353115;-2.5
148;32,535;122,684;18,854;2,88;Altria Group;TRUE;1;0;0;TRUE;FALSE;FALSE;FALSE;TRUE;TRUE;21.5;Very Confusing;262;255;803;www.altria.com;1;223;224;0;0;1;0;0;7;17;4;0;29;0.055;11021104;4.1
149;24,817;11,304;18,664;9,074;Xerox;TRUE;0;12;7;TRUE;FALSE;TRUE;FALSE;TRUE;TRUE;36.7;Difficult;183;162;601;www.xerox.com;118;50;168;0;0;1;0;0;33;0;6;0;40;0.127;11103352;0.8
150;14,842;48,545;18,591;-174;Kimberly-Clark;TRUE;0;8;21;TRUE;FALSE;TRUE;FALSE;TRUE;TRUE;54.6;Fairly difficult;70;58;300;www.kimberly-clark.com;4;52;56;0;0;3;0;0;16;7;1;0;27;0.062;2461557;8.9
151;228,348;18,279;18,377;17,642;Hartford Financial Services Group;TRUE;0;102;53;TRUE;FALSE;TRUE;FALSE;TRUE;TRUE;41.4;Difficult;309;169;1006;www.thehartford.com;59;64;123;0;0;0;0;0;7;14;0;0;21;0.037;4830684;2.8
152;122,973;95,465;18,338;66,005;Kraft Heinz;TRUE;1;0;0;FALSE;FALSE;TRUE;FALSE;TRUE;FALSE;52.3;Fairly difficult;68;63;272;www.kraftheinzcompany.com;3;60;63;0;0;0;0;0;6;7;0;0;13;0.161;1202003;3.2
153;9,406;8,157;18,211;2,927;Lear;TRUE;1;0;0;TRUE;TRUE;TRUE;FALSE;TRUE;TRUE;73.9;Fairly easy;1350;957;7048;www.lear.com;5;405;410;0;0;0;0;0;6;16;1;0;23;0.999;10605442;6.3
154;7,632;7,476;18,114;2,997;Fluor;TRUE;0;196;5;FALSE;FALSE;TRUE;FALSE;TRUE;TRUE;39.2;Difficult;168;117;500;www.fluor.com;2;152;154;0;0;9;0;0;75;18;0;0;102;0.248;6180411;2.3
155;14,014;4,699;17,99;3,408;AECOM;TRUE;0;8;6;TRUE;TRUE;TRUE;TRUE;TRUE;TRUE;n/a;n/a;n/a;n/a;n/a;www.aecom.com;9;122;131;0;0;1;0;0;43;59;3;0;106;0.132;352862;4.5
156;49,407;324,761;17,928;44,218;Facebook;TRUE;0;29;4;TRUE;TRUE;FALSE;FALSE;FALSE;FALSE;21.3;Very Confusing;29;21;98;www.facebook.com;57;65;122;0;0;17;0;0;0;53;0;0;70;0.2;10937051;25.6
157;9,603;3,672;17,914;2,315;Jabil Circuit;TRUE;1;0;0;TRUE;FALSE;TRUE;FALSE;TRUE;TRUE;30.7;Very Confusing;115;135;450;www.jabil.com;4;115;119;0;0;0;0;0;8;3;0;0;11;0.357;6202500;11.0
158;47,604;17,382;17,9;14,06;CenturyLink;TRUE;0;252;24;FALSE;FALSE;FALSE;FALSE;FALSE;FALSE;54.8;Fairly difficult;52;38;201;www.centurylink.com;11;73;84;0;0;1;0;0;0;31;1;0;33;0.732;6572876;11.7
159;4,485;1,532;17,82;-646;Supervalu;TRUE;1;0;0;FALSE;FALSE;FALSE;FALSE;TRUE;FALSE;41.1;Difficult;72;94;344;www.supervalu.com;1;64;65;0;2;0;0;0;15;25;0;0;42;0.383;1511458;3.5
160;21,965;37,655;17,63;4,997;General Mills;TRUE;0;150;16;FALSE;TRUE;TRUE;FALSE;TRUE;TRUE;46.5;Difficult;239;146;650;www.generalmills.com;8;172;180;0;0;0;0;0;6;3;0;0;9;0.688;4686113;7.1
161;78,318;47,222;17,489;20,592;Southern;TRUE;1;0;0;n/a;n/a;n/a;n/a;n/a;n/a;n/a;n/a;n/a;n/a;n/a;www.southerncompany.com;n/a;n/a;n/a;n/a;n/a;n/a;n/a;n/a;n/a;n/a;n/a;n/a;n/a;n/a;3506242;7.6
162;82,479;54,606;17,486;22,574;NextEra Energy;TRUE;0;52;9;FALSE;FALSE;FALSE;FALSE;FALSE;FALSE;72.9;Fairly easy;29;58;385;www.nexteraenergy.com;0;24;24;0;0;4;0;0;3;0;0;0;7;0.374;1093571;7.6
163;40,889;56,107;16,965;21,35;Thermo Fisher Scientific;TRUE;0;29;8;FALSE;FALSE;FALSE;FALSE;FALSE;TRUE;41.5;Difficult;346;233;1015;www.thermofisher.com;30;214;244;0;0;1;0;0;28;30;36;0;95;0.077;13612481;8.5
164;61,683;32,606;16,9;17,892;American Electric Power;TRUE;0;3;0;n/a;n/a;n/a;n/a;n/a;n/a;n/a;n/a;n/a;n/a;n/a;www.aep.com;n/a;n/a;n/a;n/a;n/a;n/a;n/a;n/a;n/a;n/a;n/a;n/a;n/a;n/a;n/a;-0.1
165;63,339;29,432;16,833;16,576;"PG&amp;E Corp.";TRUE;0;22;8;TRUE;TRUE;TRUE;FALSE;TRUE;TRUE;48;Difficult;370;311;1320;www.pge.com;34;318;352;0;0;0;0;0;25;23;6;0;54;0.62;8039019;1.7
166;6,548;805;16,802;2,126;NGL Energy Partners;TRUE;1;0;0;FALSE;FALSE;TRUE;FALSE;FALSE;FALSE;n/a;n/a;n/a;n/a;n/a;www.nglenergypartners.com;1;66;67;0;0;2;0;0;6;8;0;0;16;0.159;23853;3.0
167;31,748;106,848;16,56;14,266;Bristol-Myers Squibb;TRUE;0;49;1;TRUE;FALSE;TRUE;FALSE;TRUE;TRUE;-4.9;Very Confusing;109;145;417;www.bms.com;5;182;187;0;0;0;0;0;22;6;0;0;28;0.593;3266760;41.7
168;16,439;8,813;16,443;3,92;"Goodyear Tire &amp; Rubber";TRUE;0;9;7;FALSE;FALSE;FALSE;FALSE;FALSE;FALSE;56.5;Fairly difficult;975;298;1807;www.goodyear.com;6;506;512;0;0;1;0;0;10;12;0;0;23;0.328;21771219;8.4
169;14,25;15,039;16,439;7,417;Nucor;TRUE;1;0;0;FALSE;FALSE;FALSE;FALSE;FALSE;FALSE;70.9;Standard;160;115;881;www.nucor.com;2;62;64;0;0;0;0;0;1;0;0;0;1;0.51;1454691;11.7
170;358,493;42,379;16,27;44,71;PNC Financial Services Group;TRUE;0;33;3;TRUE;FALSE;TRUE;TRUE;TRUE;TRUE;46.1;Difficult;338;346;1444;www.pnc.com;29;312;341;0;0;8;0;0;12;4;4;0;28;0.071;7316628;3.7
171;6,398;not available;16,244;1,833;Health Net;TRUE;0;139;16;TRUE;FALSE;TRUE;FALSE;TRUE;TRUE;n/a;n/a;n/a;n/a;n/a;www.healthnet.com;5;252;257;0;0;2;0;0;10;53;0;0;65;0.41;28536;22.7
172;24,143;10,862;16,192;12,302;Micron Technology;TRUE;0;15;2;FALSE;FALSE;TRUE;FALSE;FALSE;TRUE;44.9;Difficult;276;219;1033;www.micron.com;21;220;241;0;0;1;1;1;13;40;1;0;57;0.704;4992855;1.7
173;11,958;63,072;16,034;-299;Colgate-Palmolive;TRUE;0;29;28;TRUE;FALSE;FALSE;FALSE;TRUE;TRUE;47.9;Difficult;88;86;349;www.colgatepalmolive.com;1;104;105;0;0;0;0;0;11;12;0;0;23;0.015;3642485;-1.7
174;46,577;12,944;15,877;7,828;Freeport-McMoRan;TRUE;0;70;14;FALSE;FALSE;FALSE;FALSE;FALSE;FALSE;36.1;Difficult;79;48;188;www.fcx.com;0;81;81;0;0;25;0;0;9;0;0;0;34;0.053;2500044;7.6
175;17,542;19,371;15,849;4,526;ConAgra Foods;TRUE;0;9;8;TRUE;FALSE;TRUE;FALSE;TRUE;TRUE;29.2;Very Confusing;150;122;404;www.conagrafoods.com;8;121;129;0;0;0;0;0;20;4;0;0;24;0.324;4145972;5.0
176;7,473;11,676;15,797;2,545;Gap;TRUE;1;0;0;TRUE;TRUE;TRUE;FALSE;TRUE;TRUE;55.5;Fairly difficult;156;79;424;www.gapinc.com;6;104;110;0;0;1;0;0;11;0;0;0;12;0.423;2058572;-76.9
177;24,08;19,191;15,742;16,298;Baker Hughes;TRUE;0;42;2;TRUE;FALSE;TRUE;FALSE;TRUE;TRUE;20.5;Very Confusing;334;403;1261;www.bakerhughes.com;5;294;299;0;0;0;0;0;17;9;4;1;31;0.169;5506357;0.3
178;393,78;39,622;15,523;38,037;Bank of New York Mellon Corp.;TRUE;0;222;4;TRUE;FALSE;TRUE;FALSE;TRUE;TRUE;37.9;Difficult;261;260;907;www.bnymellon.com;7;144;151;0;0;0;0;0;11;23;0;0;34;0.182;3283641;-51.7
179;15,901;19,393;15,498;4,407;Dollar Tree;TRUE;0;83;39;TRUE;FALSE;TRUE;TRUE;TRUE;FALSE;n/a;n/a;n/a;n/a;n/a;www.dollartree.com;25;819;844;0;0;12;0;0;55;19;1;0;87;0.154;19242;4.5
180;5,741;10,099;15,389;3,769;Whole Foods Market;TRUE;0;21;9;TRUE;TRUE;FALSE;TRUE;TRUE;TRUE;39.3;Difficult;261;351;1557;www.wholefoodsmarket.com;9;264;273;0;0;10;0;0;253;11;19;2;295;0.284;19475503;16.8
181;17,076;29,742;15,33;4,983;PPG Industries;TRUE;0;10;0;TRUE;FALSE;TRUE;FALSE;TRUE;TRUE;-64.5;Very Confusing;9;41;81;www.ppg.com;7;128;135;0;0;0;0;0;0;2;14;0;16;0.305;2876530;5.7
182;8,145;14,856;15,28;3,147;Genuine Parts;TRUE;0;105;16;TRUE;FALSE;FALSE;FALSE;TRUE;FALSE;21.9;Very Confusing;29;28;87;www.genpt.com;2;31;33;0;0;1;0;0;8;11;0;0;20;0.159;845344;8.7
183;36,442;8,29;15,272;3,987;Icahn Enterprises;TRUE;1;0;0;TRUE;FALSE;TRUE;FALSE;TRUE;FALSE;52.8;Fairly difficult;50;37;201;www.ielp.com;1;40;41;0;0;15;0;0;1;0;1;0;17;0.139;1134038;0.6
184;3,391;2,396;15,27;493;Performance Food Group;TRUE;1;0;0;TRUE;FALSE;TRUE;FALSE;FALSE;TRUE;56.8;Fairly difficult;166;163;1022;www.pfgc.com;5;70;75;0;0;0;0;0;20;6;0;0;26;1.05;3023691;11.2
185;22,111;19,941;15,134;2,452;Omnicom Group;TRUE;1;0;0;TRUE;TRUE;TRUE;FALSE;TRUE;FALSE;40;Difficult;134;61;337;www.omnicomgroup.com;4;45;49;0;0;0;0;0;16;0;0;0;16;0.51;1190626;0.2
186;22,887;21,474;15,069;2,749;DISH Network;TRUE;0;67;29;TRUE;TRUE;FALSE;FALSE;TRUE;FALSE;70.2;Standard;115;134;975;www.dish.com;14;245;259;0;0;2;0;0;1;41;12;0;56;0.29;16629;2.8
187;52,187;15,239;15,026;12,421;FirstEnergy;TRUE;0;14;2;FALSE;FALSE;TRUE;FALSE;FALSE;TRUE;25.7;Very Confusing;172;108;354;www.firstenergycorp.com;4;177;181;0;0;0;0;0;11;15;0;0;26;0.354;2605863;14.7
188;21,92;38,637;15,001;6,99;Monsanto;TRUE;0;17;0;TRUE;FALSE;FALSE;TRUE;TRUE;TRUE;46.5;Difficult;162;151;679;www.monsanto.com;3;173;176;0;0;3;0;0;14;37;0;0;54;0.644;6059630;8.2
189;36,85;7,785;14,963;3,149;AES;TRUE;0;31;2;TRUE;FALSE;TRUE;FALSE;TRUE;TRUE;51.3;Fairly difficult;444;293;1698;www.aes.com;1;225;226;0;0;3;1;1;22;3;1;0;31;0.374;6656652;5.8
190;13,198;10,002;14,874;3,157;CarMax;TRUE;0;27;11;TRUE;FALSE;FALSE;FALSE;TRUE;FALSE;27.2;Very Confusing;524;1910;8306;www.carmax.com;2;284;286;0;0;0;0;0;8;8;2;0;18;0.296;9993043;5.0
191;26,725;11,687;14,757;16,383;National Oilwell Varco;TRUE;0;93;2;TRUE;TRUE;TRUE;FALSE;TRUE;TRUE;42.6;Difficult;319;921;4369;www.nov.com;11;87;98;0;2;0;0;0;77;27;32;0;138;1.058;8784480;-4.9
192;32,882;4,11;14,674;2,707;NRG Energy;TRUE;0;2;2;TRUE;TRUE;TRUE;FALSE;TRUE;TRUE;43.6;Difficult;104;101;396;www.nrgenergy.com;5;77;82;0;0;0;0;0;4;5;0;0;9;0.184;2045318;27.7
193;15,181;10,996;14,572;9,219;Western Digital;TRUE;1;0;0;TRUE;TRUE;FALSE;FALSE;TRUE;TRUE;64.3;Standard;223;120;700;www.westerndigital.com;14;143;157;0;0;0;0;0;74;29;4;0;107;0.244;4864263;13.3
194;6,082;18,043;14,486;-3,59;Marriott International;TRUE;0;4;0;TRUE;FALSE;TRUE;FALSE;TRUE;FALSE;53.2;Fairly difficult;353;146;1201;www.marriott.com;12;232;244;0;0;1;0;0;8;6;0;0;15;0.088;11731074;-6.6
195;6,442;3,898;14,485;1,603;Office Depot;TRUE;0;154;18;n/a;n/a;n/a;n/a;n/a;n/a;n/a;n/a;n/a;n/a;n/a;www.officedepot.com;n/a;n/a;n/a;n/a;n/a;n/a;n/a;n/a;n/a;n/a;n/a;n/a;n/a;n/a;19230;17.3
196;7,698;9,893;14,437;871;Nordstrom;TRUE;0;171;35;TRUE;TRUE;FALSE;TRUE;TRUE;TRUE;63.9;Standard;381;137;803;www.nordstrom.com;17;614;631;0;0;143;31;31;3;38;12;0;258;0.227;35143595;7.4
197;84,104;39,856;14,403;35,119;Kinder Morgan;TRUE;1;0;0;TRUE;FALSE;TRUE;FALSE;TRUE;TRUE;33.7;Difficult;236;351;1415;www.kindermorgan.com;2;50;52;0;0;10;0;0;1;7;0;0;18;0.379;2372449;3.3
198;10,224;8,012;14,329;1,883;Aramark;TRUE;1;0;0;TRUE;FALSE;TRUE;FALSE;TRUE;TRUE;34.5;Difficult;110;208;805;www.aramark.com;10;176;186;0;0;4;0;0;0;6;0;0;10;0.694;4859961;4.3
199;18,515;15,124;14,21;4,871;DaVita HealthCare Partners;TRUE;0;8;0;TRUE;FALSE;FALSE;FALSE;FALSE;FALSE;121.2;Very easy;1;0;1;www.davita.com;25;241;266;0;0;0;0;0;17;21;1;0;39;0.433;5181588;8.5
200;6,576;3,649;14,178;1,557;Molina Healthcare;TRUE;1;0;0;TRUE;TRUE;FALSE;FALSE;TRUE;TRUE;53.5;Fairly difficult;76;59;287;www.molinahealthcare.com;0;106;106;0;0;1;0;0;10;7;1;0;19;0.033;6701951;18.2
201;5,194;4,092;13,89;1,728;WellCare Health Plans;TRUE;0;10;7;TRUE;FALSE;TRUE;FALSE;TRUE;TRUE;29.7;Very Confusing;108;87;429;www.wellcare.com;0;58;58;0;0;0;0;0;0;0;2;0;2;0.192;3139379;1.6
202;23,765;25,316;13,886;5,563;CBS;TRUE;0;61;4;FALSE;FALSE;FALSE;FALSE;FALSE;FALSE;31.3;Difficult;101;125;397;www.cbscorporation.com;0;103;103;0;0;0;0;0;25;26;0;0;51;0.414;4408860;13.5
203;40,236;183,663;13,88;29,842;Visa;TRUE;0;23;6;FALSE;FALSE;FALSE;FALSE;FALSE;FALSE;81.6;Easy;8;2;20;www.visa.com;0;0;0;0;0;0;0;0;0;0;0;0;0;0.0;1784532;0.9
204;251,937;9,446;13,572;13,617;Lincoln National;TRUE;0;207;107;TRUE;FALSE;TRUE;FALSE;TRUE;TRUE;45;Difficult;146;129;666;www.lfg.com;7;295;302;0;0;1;0;0;0;23;0;0;24;1.224;12126090;8.8
205;18,642;32,746;13,545;6,91;Ecolab;TRUE;1;0;0;TRUE;TRUE;TRUE;FALSE;TRUE;TRUE;34.5;Difficult;375;935;3225;www.ecolab.com;3;334;337;0;0;1;0;0;105;29;1;0;136;1.164;9328396;14.3
206;15,265;26,964;13,525;2,128;Kellogg;TRUE;0;19;7;FALSE;FALSE;FALSE;FALSE;FALSE;FALSE;48.9;Difficult;126;102;494;www.kelloggcompany.com;3;142;145;0;0;5;0;0;7;98;0;0;110;0.106;4483378;39.4
207;3,184;10,633;13,476;1,151;C.H. Robinson Worldwide;TRUE;0;6;5;TRUE;FALSE;TRUE;FALSE;TRUE;TRUE;47.4;Difficult;147;95;453;www.chrobinson.com;15;164;179;0;0;11;0;0;12;10;1;0;34;0.544;7699028;4.9
208;14,708;9,809;13,423;4,964;Textron;TRUE;1;0;0;TRUE;TRUE;TRUE;FALSE;TRUE;TRUE;60;Fairly difficult;150;106;636;www.textron.com;16;65;81;0;0;1;1;0;16;11;0;0;29;0.302;3594285;-2.8
209;76,029;12,97;13,415;17,561;Loews;TRUE;0;5;2;FALSE;FALSE;TRUE;FALSE;FALSE;FALSE;n/a;n/a;n/a;n/a;n/a;www.loews.com;28;34;62;0;0;0;0;0;6;7;0;0;13;0.079;1984252;1.1
210;15,729;37,264;13,405;5,224;Illinois Tool Works;TRUE;0;5;5;FALSE;FALSE;FALSE;FALSE;FALSE;FALSE;25.3;Very Confusing;61;59;189;www.itw.com;0;81;81;0;0;0;0;0;21;1;0;0;22;0.166;13220;7.0
211;4,444;3,674;13,338;1,799;Synnex;TRUE;0;3;2;FALSE;FALSE;FALSE;FALSE;FALSE;FALSE;n/a;n/a;n/a;n/a;n/a;www.synnex.com;0;0;0;0;0;0;0;0;0;0;0;0;0;0.0;39193;4.2
212;22,217;16,342;13,268;3,538;Viacom;TRUE;0;35;0;TRUE;FALSE;FALSE;FALSE;TRUE;FALSE;54.7;Fairly difficult;57;24;126;www.viacom.com;1;54;55;0;0;1;0;0;0;12;3;0;16;0.124;4732653;12.9
213;8,388;6,235;13,238;5,253;HollyFrontier;TRUE;1;0;0;FALSE;FALSE;FALSE;FALSE;FALSE;FALSE;20.1;Very Confusing;178;161;542;www.hollyfrontier.com;0;144;144;0;0;2;0;0;5;11;0;0;18;0.354;3750990;14.5
214;8;not available;13,161;1,776;Land O’Lakes;TRUE;0;10;1;TRUE;TRUE;TRUE;FALSE;TRUE;TRUE;67.5;Standard;47;31;181;www.landolakesinc.com;5;47;52;0;0;0;0;0;6;9;0;0;15;0.371;2458328;9.7
215;29,532;14,376;13,145;7,049;Devon Energy;TRUE;0;4;0;FALSE;FALSE;TRUE;FALSE;TRUE;FALSE;40;Difficult;190;106;676;www.devonenergy.com;8;127;135;0;0;0;0;0;8;21;0;0;29;1.078;2885700;7.7
216;6,105;3,412;13,124;1,647;PBF Energy;TRUE;0;0;0;n/a;n/a;n/a;n/a;n/a;n/a;n/a;n/a;n/a;n/a;n/a;www.pbfenergy.com;n/a;n/a;n/a;n/a;n/a;n/a;n/a;n/a;n/a;n/a;n/a;n/a;n/a;n/a;3479311;8.7
217;8,075;33,453;13,105;911;Yum Brands;TRUE;1;0;0;FALSE;FALSE;FALSE;FALSE;TRUE;FALSE;31;Difficult;229;184;618;www.yum.com;1;228;229;0;0;0;0;0;1;23;0;0;24;0.044;9976284;23.0
218;16,23;57,722;13;9,946;Texas Instruments;TRUE;0;9;179;FALSE;FALSE;FALSE;FALSE;TRUE;FALSE;31.9;Difficult;431;356;1260;www.ti.com;27;377;404;0;0;0;0;0;0;7;0;0;7;0.046;18351;15.2
219;6,755;6,886;12,989;1,096;CDW;TRUE;0;20;1;TRUE;FALSE;TRUE;FALSE;TRUE;FALSE;64.8;Standard;159;116;654;www.cdw.com;23;92;115;0;0;3;0;0;7;15;15;0;40;0.039;6555497;-1.8
220;20,419;26,234;12,961;5,345;Waste Management;TRUE;0;21;12;TRUE;FALSE;TRUE;FALSE;TRUE;TRUE;24.4;Very Confusing;177;128;547;www.wm.com;1;131;132;0;0;0;0;0;4;3;0;0;7;0.56;3238155;11.4
221;18,216;31,685;12,893;6,513;"Marsh &amp; McLennan";TRUE;0;71;111;FALSE;FALSE;TRUE;FALSE;TRUE;FALSE;37.4;Difficult;323;458;1880;www.mmc.com;8;106;114;0;0;0;0;0;60;5;4;0;69;0.179;4092034;13.2
222;17,357;2,804;12,764;2,138;Chesapeake Energy;TRUE;0;110;13;TRUE;FALSE;TRUE;FALSE;TRUE;TRUE;31.2;Difficult;236;263;917;www.chk.com;7;205;212;0;0;0;0;0;14;14;6;0;34;0.555;3823304;6.8
223;12,295;15,007;12,712;5,104;Parker-Hannifin;TRUE;0;139;12;FALSE;FALSE;FALSE;FALSE;FALSE;FALSE;51.6;Fairly difficult;283;85;779;www.parker.com;1;94;95;0;0;1;0;0;22;2;0;0;25;0.052;5306110;0.9
224;43,437;52,27;12,699;24,35;Occidental Petroleum;TRUE;1;0;0;FALSE;FALSE;FALSE;FALSE;FALSE;TRUE;35.6;Difficult;249;275;1162;www.oxy.com;2;126;128;0;0;2;0;0;14;25;0;0;41;0.761;7914128;0.4
225;65,072;not available;12,628;6,09;Guardian Life Ins. Co. of America;TRUE;0;32;0;FALSE;FALSE;FALSE;FALSE;FALSE;FALSE;n/a;n/a;n/a;n/a;n/a;www.guardianlife.com;0;0;0;0;0;0;0;0;0;0;0;0;0;0.001;530996;1.4
226;15,567;not available;12,626;4,207;Farmers Insurance Exchange;TRUE;0;28;26;TRUE;TRUE;TRUE;FALSE;TRUE;TRUE;54.2;Fairly difficult;139;106;599;www.farmers.com;32;108;140;0;0;0;0;0;8;14;4;0;26;0.078;5167969;7.0
227;9,442;3,394;12,625;1,309;J.C. Penney;TRUE;0;91;24;TRUE;FALSE;FALSE;TRUE;TRUE;TRUE;79.4;Fairly easy;195;80;749;www.jcpenney.com;10;172;182;0;0;43;0;0;1;0;0;0;44;0.084;7077337;20.1
228;45,642;22,495;12,554;13,052;Consolidated Edison;TRUE;0;6;1;n/a;n/a;n/a;n/a;n/a;n/a;n/a;n/a;n/a;n/a;n/a;www.conedison.com;n/a;n/a;n/a;n/a;n/a;n/a;n/a;n/a;n/a;n/a;n/a;n/a;n/a;n/a;n/a;16.1
229;13,065;38,192;12,416;9,278;Cognizant Technology Solutions;TRUE;0;53;29;TRUE;FALSE;TRUE;FALSE;TRUE;TRUE;27.3;Very Confusing;412;387;1228;www.cognizant.com;12;1051;1063;0;0;1;2;2;11;16;0;0;32;0.143;12754827;4.8
230;9,64;27,422;12,377;5,385;VF;TRUE;0;2;0;FALSE;FALSE;TRUE;FALSE;TRUE;TRUE;47.9;Difficult;172;142;620;www.vfc.com;11;160;171;0;0;4;0;0;15;29;0;0;48;0.156;3368370;14.8
231;145,342;15,823;12,2;7,217;Ameriprise Financial;TRUE;0;0;18;TRUE;FALSE;TRUE;FALSE;TRUE;TRUE;54.2;Fairly difficult;69;89;443;www.ameriprise.com;1;26;27;0;0;0;0;0;7;5;3;0;15;0.175;1407030;2.6
232;10,201;4,748;12,183;2,921;Computer Sciences;TRUE;0;17;16;TRUE;FALSE;TRUE;FALSE;TRUE;TRUE;45.8;Difficult;299;474;1987;www.csc.com;5;460;465;0;1;4;0;0;46;11;0;0;62;0.079;6070673;4.5
233;8,493;25,209;12,154;-259;L Brands;TRUE;0;16;3;FALSE;TRUE;FALSE;FALSE;TRUE;TRUE;87.3;Easy;12;2;49;www.lb.com;7;129;136;0;0;0;0;0;52;19;2;0;73;0.678;4125633;0.9
234;7,786;5,337;12,115;4,292;Jacobs Engineering Group;TRUE;1;0;0;FALSE;FALSE;TRUE;FALSE;FALSE;FALSE;52.2;Fairly difficult;140;141;631;www.jacobs.com;4;112;116;0;0;0;0;0;14;10;2;0;26;0.515;2896508;30.5
235;218,686;11,505;11,964;9,312;Principal Financial;TRUE;0;39;18;TRUE;FALSE;TRUE;FALSE;TRUE;TRUE;42.6;Difficult;240;509;1851;www.principal.com;107;285;392;0;0;1;0;0;6;5;2;0;14;3.325;9130829;8.1
236;4,869;23,235;11,94;2,472;Ross Stores;TRUE;0;11;1;TRUE;TRUE;FALSE;FALSE;FALSE;TRUE;77;Fairly easy;75;30;233;www.rossstores.com;5;78;83;0;0;2;0;0;20;5;0;0;27;0.283;2325187;18.4
237;6,759;8,121;11,881;2,743;"Bed Bath &amp; Beyond";TRUE;0;38;3;TRUE;TRUE;FALSE;TRUE;TRUE;TRUE;80.1;Fairly easy;5;3;20;www.bedbathandbeyond.com;11;183;194;0;0;34;0;0;9;15;0;0;58;0.074;9294983;33.0
238;35,039;24,651;11,811;11,652;CSX;TRUE;0;117;1;TRUE;TRUE;TRUE;FALSE;TRUE;TRUE;47.5;Difficult;449;163;1097;www.csx.com;12;132;144;0;0;0;1;1;26;80;3;0;111;0.395;5328726;14.4
239;6,968;not available;11,802;-1,265;Toys “R” Us;TRUE;0;15;5;n/a;n/a;n/a;n/a;n/a;n/a;n/a;n/a;n/a;n/a;n/a;www.toysrusinc.com;n/a;n/a;n/a;n/a;n/a;n/a;n/a;n/a;n/a;n/a;n/a;n/a;n/a;n/a;3704622;10.1
240;20,987;41,07;11,689;6,817;Las Vegas Sands;TRUE;0;55;4;TRUE;TRUE;TRUE;FALSE;TRUE;FALSE;49.3;Difficult;130;65;437;www.sands.com;4;43;47;0;0;0;0;0;16;5;0;0;21;0.009;1748174;6.9
241;46,34;5,858;11,684;10,401;Leucadia National;TRUE;0;10;1;FALSE;FALSE;FALSE;FALSE;FALSE;FALSE;43.6;Difficult;24;56;256;www.leucadia.com;0;11;11;0;0;0;0;0;0;1;0;0;1;0.0;600462;5.0
242;58,797;44,826;11,683;12,664;Dominion Resources;TRUE;0;18;17;n/a;n/a;n/a;n/a;n/a;n/a;n/a;n/a;n/a;n/a;n/a;www.dom.com;n/a;n/a;n/a;n/a;n/a;n/a;n/a;n/a;n/a;n/a;n/a;n/a;n/a;n/a;n/a;1.6
243;9,19;2,35;11,574;2,436;United States Steel;TRUE;0;37;21;FALSE;FALSE;FALSE;FALSE;FALSE;FALSE;43.6;Difficult;136;64;388;www.ussteel.com;5;94;99;0;0;5;0;0;10;3;3;0;21;0.291;4384982;8.9
244;12,085;9,186;11,554;4,355;L-3 Communications;TRUE;0;29;15;TRUE;FALSE;TRUE;FALSE;FALSE;TRUE;39.4;Difficult;116;119;409;www.l-3com.com;5;94;99;0;0;1;0;0;4;17;0;0;22;0.342;n/a;7.9
245;50,31;23,423;11,524;11,368;Edison International;TRUE;1;0;0;TRUE;FALSE;TRUE;FALSE;TRUE;TRUE;27.1;Very Confusing;213;392;1202;www.edisoninvestor.com;6;138;144;0;0;1;0;0;65;17;2;0;85;0.359;5786337;1.3
246;44,648;14,219;11,513;9,257;Entergy;TRUE;1;0;0;FALSE;FALSE;TRUE;FALSE;FALSE;TRUE;44.7;Difficult;50;67;265;www.entergy.com;9;73;82;0;0;16;0;0;24;6;1;0;47;0.47;3078063;12.5
247;33,111;41,038;11,477;4,809;ADP;TRUE;0;6;4;FALSE;FALSE;FALSE;FALSE;FALSE;FALSE;46.1;Difficult;329;310;1303;www.adp.com;14;328;342;0;0;0;0;0;0;5;1;0;6;2.446;8092975;9.3
248;34,362;11,669;11,451;668;First Data;TRUE;0;9;6;FALSE;FALSE;FALSE;FALSE;FALSE;FALSE;-16;Very Confusing;82;87;193;www.firstdata.com;1;83;84;0;0;0;0;0;0;1;0;0;1;0.087;1290253;3.6
249;225,261;56,356;11,401;28,503;BlackRock;TRUE;0;49;34;FALSE;FALSE;FALSE;FALSE;FALSE;FALSE;41.9;Difficult;232;187;775;www.blackrock.com;55;162;217;0;0;1;0;0;2;16;0;0;19;0.03;5894870;4.5
250;25,357;9,908;11,381;11,652;WestRock;TRUE;0;10;1;TRUE;FALSE;TRUE;FALSE;TRUE;FALSE;49.4;Difficult;94;75;304;www.westrock.com;14;79;93;0;0;0;0;0;73;12;0;0;85;0.151;2467410;29.3
251;218,25;6,2;11,341;13,436;Voya Financial;TRUE;0;20;32;TRUE;FALSE;FALSE;FALSE;TRUE;TRUE;37;Difficult;304;231;950;www.voya.com;220;81;301;0;0;2;0;0;9;26;3;0;40;0.144;268434;-12.9
252;5,792;26,267;11,339;868;Sherwin-Williams;TRUE;0;40;12;FALSE;FALSE;FALSE;FALSE;FALSE;FALSE;64.4;Standard;57;7;132;www.sherwin.com;1;392;393;0;0;3;0;0;2;54;113;0;172;0.098;16171771;12.7
253;25,716;22,289;11,272;5,985;Hilton Worldwide Holdings;TRUE;1;0;0;FALSE;FALSE;FALSE;FALSE;FALSE;FALSE;85.4;Easy;34;11;128;www.hiltonworldwide.com;0;0;0;0;0;0;0;0;0;0;0;0;0;0.003;1493761;-1.5
254;7,279;3,424;11,257;683;"R.R. Donnelley &amp; Sons";TRUE;0;32;13;FALSE;FALSE;FALSE;FALSE;FALSE;TRUE;22.1;Very Confusing;167;128;438;www.rrdonnelley.com;3;124;127;0;0;0;0;0;0;4;1;0;5;0.359;2317479;8.9
255;15,172;15,771;11,211;5,812;"Stanley Black &amp; Decker";TRUE;1;0;0;FALSE;FALSE;FALSE;FALSE;FALSE;FALSE;50.1;Difficult;171;243;1116;www.stanleyblackanddecker.com;0;151;151;0;0;2;1;0;43;11;0;0;57;0.276;4221881;-2.1
256;39,054;21,226;11,025;10,601;Xcel Energy;TRUE;0;44;3;TRUE;TRUE;TRUE;FALSE;TRUE;TRUE;105.3;Very easy;28;3;79;www.xcelenergy.com;15;59;74;0;0;0;0;0;13;18;1;0;32;0.003;1051854;-14.2
257;1,886;2,457;10,885;792;Murphy USA;TRUE;0;45;17;FALSE;FALSE;FALSE;FALSE;FALSE;FALSE;50.5;Difficult;63;42;170;corporate.murphyusa.com;0;74;74;0;0;1;0;0;1;0;0;0;2;0.158;1160737;16.3
258;11,018;9,633;10,856;2,713;CBRE Group;TRUE;1;0;0;TRUE;FALSE;TRUE;FALSE;TRUE;TRUE;37.6;Difficult;217;207;762;www.cbre.com;10;193;203;0;0;0;1;1;9;3;3;0;17;0.352;8152819;2.4
259;11,151;11,178;10,824;5,894;D.R. Horton;TRUE;1;0;0;TRUE;TRUE;FALSE;TRUE;TRUE;FALSE;72.7;Fairly easy;82;50;380;www.drhorton.com;5;57;62;0;0;1;0;0;0;4;2;0;7;0.65;5477362;16.8
260;8,239;34,76;10,78;3,643;Estee Lauder;TRUE;0;2;8;TRUE;TRUE;TRUE;FALSE;TRUE;FALSE;46.5;Difficult;520;537;2491;www.elcompanies.com;7;423;430;0;0;0;0;0;44;56;5;0;105;0.471;10758859;-1.1
261;18,319;32,649;10,776;4,389;Praxair;TRUE;1;0;0;TRUE;FALSE;TRUE;FALSE;TRUE;TRUE;46.1;Difficult;198;191;779;www.praxair.com;5;159;164;0;0;0;0;0;14;6;4;0;24;0.485;3607690;16.7
262;19,505;56,925;10,764;9,373;Biogen;TRUE;0;69;4;FALSE;FALSE;TRUE;FALSE;TRUE;TRUE;22.2;Very Confusing;392;416;1171;www.biogen.com;66;445;511;0;0;4;0;0;63;62;5;2;136;0.962;16844152;8.1
263;245,192;23,409;10,76;21,103;State Street Corp.;TRUE;1;0;0;FALSE;FALSE;TRUE;FALSE;TRUE;FALSE;25.1;Very Confusing;247;224;920;www.statestreet.com;4;223;227;0;0;14;6;6;13;50;1;0;90;1.221;13413612;8.5
264;60,59;7,385;10,731;8,664;Unum Group;TRUE;0;17;5;FALSE;FALSE;FALSE;FALSE;FALSE;FALSE;54.7;Fairly difficult;63;41;201;www.unum.com;6;61;67;0;0;0;0;0;1;6;1;0;8;0.058;4832018;10.3
265;53,224;71,852;10,675;18,252;Reynolds American;TRUE;0;36;6;FALSE;FALSE;FALSE;FALSE;TRUE;FALSE;45.1;Difficult;120;96;428;www.reynoldsamerican.com;3;120;123;0;0;2;0;0;5;4;0;0;11;0.166;4180722;2.5
266;4,415;1,375;10,633;918;Group 1 Automotive;TRUE;0;24;4;FALSE;FALSE;FALSE;FALSE;FALSE;FALSE;67.3;Standard;587;484;3117;www.group1auto.com;7;520;527;0;0;1;0;0;18;1;4;0;24;0.508;19078358;10.3
267;6,505;14,146;10,63;2,884;Henry Schein;TRUE;0;10;10;TRUE;TRUE;TRUE;FALSE;TRUE;TRUE;73.4;Fairly easy;5;5;42;www.henryschein.com;2;39;41;0;0;3;0;0;1;13;0;0;17;0.152;1836865;-0.1
268;23,358;4,469;10,535;2,019;Hertz Global Holdings;TRUE;0;3;4;TRUE;FALSE;FALSE;FALSE;FALSE;FALSE;121.2;Very easy;16;0;17;www.hertz.com;0;40;40;0;0;0;0;0;0;5;0;0;5;0.047;18730;12.8
269;34,26;24,659;10,511;12,188;Norfolk Southern;TRUE;0;2;1;TRUE;FALSE;TRUE;FALSE;TRUE;TRUE;42.2;Difficult;402;224;1068;www.nscorp.com;19;231;250;0;0;0;0;0;86;8;6;0;100;0.703;6277701;10.0
270;50,383;6,277;10,418;6,135;Reinsurance Group of America;TRUE;0;13;1;FALSE;FALSE;TRUE;FALSE;TRUE;FALSE;30.6;Very Confusing;158;227;719;www.rgare.com;5;130;135;0;0;0;0;0;6;6;0;0;12;0.678;6150086;13.1
271;37,535;23,874;10,415;13,066;Public Service Enterprise Group;TRUE;1;0;0;TRUE;FALSE;TRUE;FALSE;TRUE;TRUE;54.7;Fairly difficult;154;86;502;www.pseg.com;18;124;142;0;0;9;0;0;8;31;2;0;50;0.298;3612901;9.5
272;209,947;25,966;10,346;27,306;"BB&amp;T Corp.";TRUE;0;45;16;TRUE;FALSE;TRUE;FALSE;TRUE;TRUE;n/a;n/a;n/a;n/a;n/a;www.bbt.com;15;255;270;0;0;2;0;0;2;0;0;0;4;0.035;n/a;-4.1
273;28,737;16,271;10,337;8,772;DTE Energy;TRUE;0;127;11;TRUE;FALSE;TRUE;FALSE;TRUE;TRUE;56.2;Fairly difficult;15;8;50;www.dteenergy.com;22;705;727;0;0;1;0;0;50;10;12;0;73;4.068;26867395;-0.9
274;30,043;4,9;10,326;4,524;Assurant;TRUE;0;11;8;FALSE;FALSE;TRUE;FALSE;TRUE;FALSE;33.9;Difficult;75;84;218;www.assurant.com;2;66;68;0;0;0;0;0;3;4;0;0;7;0.347;2154737;3.3
275;2,664;459;10,315;648;Global Partners;TRUE;1;0;0;n/a;n/a;n/a;n/a;n/a;n/a;n/a;n/a;n/a;n/a;n/a;www.globalp.com;n/a;n/a;n/a;n/a;n/a;n/a;n/a;n/a;n/a;n/a;n/a;n/a;n/a;n/a;528550;-61.7
276;9,82;3,168;10,299;1,442;Huntsman;TRUE;1;0;0;TRUE;FALSE;TRUE;FALSE;TRUE;TRUE;46.1;Difficult;25;37;167;www.huntsman.com;5;55;60;1;0;68;0;0;12;0;0;0;81;0.399;3649679;8.0
277;26,82;32,158;10,282;7,164;Becton Dickinson;TRUE;0;10;10;TRUE;FALSE;TRUE;FALSE;TRUE;TRUE;33.9;Difficult;254;153;786;www.bd.com;5;79;84;0;0;0;0;0;17;18;1;0;36;0.412;2390879;-115.1
278;41,15;25,931;10,231;11,809;Sempra Energy;TRUE;1;0;0;FALSE;FALSE;TRUE;FALSE;TRUE;FALSE;42;Difficult;112;135;533;www.sempra.com;2;88;90;0;0;0;0;0;13;8;0;0;21;0.414;1863561;12.4
279;8,102;23,788;10,187;-1,701;AutoZone;TRUE;0;10;0;TRUE;FALSE;FALSE;FALSE;TRUE;TRUE;62.3;Standard;245;66;683;www.autozone.com;4;179;183;0;0;10;0;0;8;19;1;0;38;0.256;7602572;5.8
280;6,692;1,022;10,14;-5,167;Navistar International;TRUE;0;36;3;TRUE;FALSE;TRUE;FALSE;TRUE;TRUE;51.4;Fairly difficult;187;161;764;www.navistar.com;7;123;130;0;0;3;0;0;4;12;0;0;19;0.299;3638725;3.1
281;19,428;not available;10,056;10,929;Precision Castparts;TRUE;0;2;0;FALSE;FALSE;FALSE;FALSE;FALSE;FALSE;43.8;Difficult;99;89;399;www.precast.com;12;80;92;0;0;1;0;0;17;0;0;0;18;0.003;1423099;23.0
282;86,936;21,091;10,002;11,275;Discover Financial Services;TRUE;1;0;0;FALSE;FALSE;FALSE;FALSE;FALSE;FALSE;n/a;n/a;n/a;n/a;n/a;www.discoverfinancial.com;0;0;0;0;0;0;0;0;0;0;0;0;0;0.001;15941;9.9
283;21,18;12,308;9,989;6,787;Liberty Interactive;TRUE;1;0;0;FALSE;FALSE;FALSE;FALSE;FALSE;FALSE;6.1;Very Confusing;39;80;183;www.libertyinteractive.com;1;49;50;0;0;0;0;0;0;14;0;0;14;0.005;1028440;1.1
284;5,858;14,373;9,973;2,267;W.W. Grainger;TRUE;0;27;15;TRUE;TRUE;TRUE;FALSE;TRUE;TRUE;43.9;Difficult;198;116;665;www.grainger.com;7;161;168;0;0;10;0;0;8;15;3;0;36;0.146;13477033;-110.0
285;20,975;22,601;9,968;8,846;Baxter International;TRUE;0;40;10;TRUE;FALSE;TRUE;FALSE;TRUE;TRUE;34;Difficult;107;158;564;www.baxter.com;5;92;97;0;0;0;0;0;15;13;0;0;28;0.361;3266612;2.3
286;16,247;40,04;9,946;8,511;Stryker;TRUE;0;1;0;TRUE;FALSE;TRUE;FALSE;FALSE;TRUE;5.9;Very Confusing;204;117;429;www.stryker.com;8;143;151;0;0;2;0;0;0;7;3;0;12;0.674;3537879;5.6
287;17,438;31,064;9,895;7,249;"Air Products &amp; Chemicals";TRUE;0;42;1;TRUE;FALSE;TRUE;FALSE;TRUE;TRUE;23.5;Very Confusing;230;194;650;www.airproducts.com;6;251;257;0;0;5;0;0;16;0;3;0;24;0.169;3133834;14.5
288;5,833;2,654;9,787;1,299;Western Refining;TRUE;0;0;0;TRUE;FALSE;FALSE;FALSE;TRUE;FALSE;37.2;Difficult;42;47;155;www.wnr.com;2;30;32;0;0;0;0;0;7;2;1;0;10;0.001;1047451;1.6
289;9,634;12,181;9,785;4,25;Universal Health Services;TRUE;1;0;0;TRUE;FALSE;TRUE;FALSE;TRUE;FALSE;40.4;Difficult;127;92;510;www.uhsinc.com;4;75;79;0;0;0;0;0;7;1;0;0;8;0.319;2866723;14.2
290;2,778;2,54;9,773;993;"Owens &amp; Minor";TRUE;1;0;0;TRUE;FALSE;FALSE;FALSE;FALSE;TRUE;23.3;Very Confusing;139;170;669;www.owens-minor.com;4;137;141;0;0;7;0;0;7;2;0;0;16;0.754;2699365;1.9
291;39,316;22,761;9,754;-46;Charter Communications;TRUE;0;41;0;TRUE;FALSE;FALSE;FALSE;TRUE;TRUE;120.7;Very easy;2;0;3;www.charter.com;63;73;136;0;3;0;0;0;2;45;0;0;50;1.133;17772382;5.2
292;8,135;11,757;9,737;2,461;Advance Auto Parts;TRUE;0;228;44;TRUE;TRUE;TRUE;TRUE;TRUE;TRUE;63.1;Standard;383;279;1567;www.advanceautoparts.com;7;282;289;0;0;12;0;0;13;22;5;0;52;0.071;10799473;3.8
293;16,269;104,965;9,667;6,028;MasterCard;TRUE;0;3;0;TRUE;FALSE;FALSE;FALSE;FALSE;FALSE;66.4;Standard;207;43;548;www.mastercard.com;0;283;283;0;0;1;0;0;0;6;1;0;8;0.064;6889602;4.5
294;15,308;23,949;9,659;7,613;Applied Materials;TRUE;0;8;5;TRUE;FALSE;TRUE;FALSE;TRUE;TRUE;15.5;Very Confusing;135;117;337;www.appliedmaterials.com;2;150;152;0;0;2;1;0;8;2;0;0;13;0.313;3371806;7.4
295;15,611;10,686;9,648;3,941;Eastman Chemical;TRUE;1;0;0;TRUE;FALSE;TRUE;FALSE;TRUE;TRUE;32.1;Difficult;139;177;611;www.eastman.com;3;126;129;0;0;6;0;0;13;3;0;0;22;0.559;4729203;8.5
296;3,562;851;9,624;729;Sonic Automotive;TRUE;0;65;2;TRUE;TRUE;FALSE;TRUE;TRUE;TRUE;75.2;Fairly easy;119;74;494;www.sonicautomotive.com;5;130;135;0;0;1;0;0;24;6;15;0;46;0.182;7868096;45.6
297;158,581;9,043;9,539;13,439;Ally Financial;TRUE;0;16;12;TRUE;FALSE;TRUE;FALSE;TRUE;TRUE;n/a;n/a;n/a;n/a;n/a;www.ally.com;13;184;197;0;0;0;0;0;0;8;0;0;8;0.07;7689088;10.2
298;3,84;2,895;9,499;910;CST Brands;TRUE;1;0;0;FALSE;FALSE;FALSE;FALSE;FALSE;FALSE;54.9;Fairly difficult;59;10;100;www.cstbrands.com;0;22;22;0;0;1;0;0;0;6;0;0;7;0.419;3611204;0.9
299;17,785;27,263;9,496;6,576;eBay;TRUE;0;708;4;TRUE;FALSE;FALSE;FALSE;TRUE;FALSE;61.2;Standard;673;506;2783;www.ebay.com;15;502;517;0;0;26;0;0;144;15;3;0;188;0.195;14316239;1.0
300;14,42;10,372;9,474;5,649;Lennar;TRUE;0;11;24;TRUE;TRUE;TRUE;TRUE;TRUE;TRUE;69.9;Standard;127;56;439;www.lennar.com;8;212;220;1;0;11;1;1;11;7;9;0;41;0.754;8401840;1.9
301;4,335;3,296;9,364;2,081;GameStop;TRUE;1;0;0;TRUE;FALSE;FALSE;FALSE;TRUE;TRUE;42.9;Difficult;42;48;171;www.gamestopcorp.com;3;35;38;0;0;2;0;0;11;0;0;0;13;0.006;1997154;1.6
302;7,122;4,972;9,351;3,914;"Reliance Steel &amp; Aluminum";TRUE;0;118;2;FALSE;FALSE;TRUE;FALSE;FALSE;FALSE;58.8;Fairly difficult;165;37;321;www.rsac.com;2;187;189;0;0;1;0;0;90;97;76;0;264;1.787;12515793;1.8
303;6,14;22,914;9,264;3,998;Hormel Foods;TRUE;0;50;9;TRUE;TRUE;TRUE;TRUE;TRUE;TRUE;39.1;Difficult;52;96;424;www.hormelfoods.com;6;96;102;0;0;0;0;0;0;12;0;0;12;0.194;2187128;4.2
304;27,053;78,237;9,256;5,919;Celgene;TRUE;0;5;0;TRUE;FALSE;TRUE;TRUE;TRUE;TRUE;37;Difficult;406;303;1416;www.celgene.com;5;357;362;0;0;1;0;0;140;8;0;0;149;1.359;12456839;0.1
305;106,431;1,359;9,249;12,824;Genworth Financial;TRUE;0;38;3;FALSE;FALSE;FALSE;FALSE;FALSE;FALSE;40.6;Difficult;189;239;911;www.genworth.com;13;221;234;0;0;0;0;0;15;3;0;0;18;0.597;6331479;5.9
306;28,881;47,195;9,248;13,759;PayPal Holdings;TRUE;0;15;9;n/a;n/a;n/a;n/a;n/a;n/a;n/a;n/a;n/a;n/a;n/a;www.paypal.com;n/a;n/a;n/a;n/a;n/a;n/a;n/a;n/a;n/a;n/a;n/a;n/a;n/a;n/a;2245111;10.1
307;17,421;63,954;9,224;8,796;Priceline Group;TRUE;1;0;0;FALSE;FALSE;TRUE;FALSE;TRUE;FALSE;64.2;Standard;134;87;437;www.pricelinegroup.com;12;74;86;0;0;5;0;0;0;14;0;0;19;0.424;13220;-43.5
308;25,215;12,111;9,19;5,12;MGM Resorts International;TRUE;0;21;9;TRUE;FALSE;FALSE;FALSE;TRUE;FALSE;50.9;Difficult;129;94;418;www.mgmresorts.com;25;131;156;0;0;9;0;0;9;0;0;0;18;0.439;2147044;-5.2
309;7,526;10,448;9,17;3,456;Autoliv;TRUE;0;130;12;FALSE;FALSE;FALSE;FALSE;FALSE;FALSE;39.8;Difficult;315;251;1149;www.autoliv.com;18;197;215;0;0;37;0;0;13;95;4;0;149;1.532;11539905;4.0
310;13,931;9,341;9,132;5,754;Fidelity National Financial;TRUE;1;0;0;FALSE;FALSE;FALSE;FALSE;FALSE;FALSE;52.6;Fairly difficult;33;52;246;www.fnf.com;1;45;46;0;0;0;0;0;6;13;1;0;20;0.638;3079337;2.0
311;20,577;16,433;9,115;7,774;Republic Services;TRUE;0;21;0;FALSE;FALSE;FALSE;FALSE;FALSE;TRUE;121.2;Very easy;1;0;1;www.republicservices.com;0;7;7;0;0;0;0;0;0;1;0;0;1;0.002;19840;15.4
312;28,547;22,974;9,111;18,788;Corning;TRUE;0;20;4;TRUE;FALSE;TRUE;FALSE;TRUE;TRUE;53.4;Fairly difficult;500;304;2002;www.corning.com;21;164;185;0;0;2;14;14;352;19;3;0;404;0.06;9218347;3.8
313;6,038;not available;8,992;3,49;Peter Kiewit Sons’;TRUE;0;45;50;TRUE;FALSE;TRUE;FALSE;TRUE;TRUE;50.1;Difficult;146;75;416;www.kiewit.com;1;140;141;0;0;14;0;0;10;4;1;0;29;0.282;2911954;5.0
314;5,612;2,37;8,982;817;Univar;TRUE;1;0;0;TRUE;FALSE;TRUE;FALSE;TRUE;FALSE;51.1;Fairly difficult;161;144;792;www.univar.com;2;85;87;0;0;2;0;0;1;3;13;0;19;1.177;3490588;7.2
315;17,412;9,518;8,895;9,532;Mosaic;TRUE;1;0;0;TRUE;FALSE;TRUE;FALSE;TRUE;TRUE;37.4;Difficult;65;59;227;www.mosaicco.com;3;93;96;0;0;15;0;0;8;5;0;0;28;0.15;1529953;0.4
316;1,077;1,888;8,858;494;Core-Mark Holding;TRUE;0;7;1;TRUE;FALSE;FALSE;FALSE;TRUE;FALSE;44.6;Difficult;55;44;199;www.core-mark.com;9;64;73;0;0;1;1;0;5;3;0;0;10;0.179;1513152;-7.8
317;83,532;not available;8,789;7,127;Thrivent Financial for Lutherans;TRUE;0;15;6;TRUE;FALSE;TRUE;TRUE;TRUE;FALSE;38.8;Difficult;342;237;1398;www.thrivent.com;30;131;161;0;0;3;0;0;22;7;3;0;35;0.655;6050043;4.6
318;11,5;12,847;8,782;4,554;Cameron International;TRUE;0;7;2;FALSE;FALSE;TRUE;FALSE;TRUE;FALSE;27.5;Very Confusing;124;63;300;www.c-a-m.com;4;65;69;0;0;0;0;0;0;5;0;0;5;0.082;1973372;9.2
319;6,016;6,633;8,779;744;HD Supply Holdings;TRUE;0;15;3;TRUE;FALSE;TRUE;FALSE;TRUE;FALSE;27.8;Very Confusing;54;85;283;www.hdsupply.com;6;74;80;0;0;0;0;0;1;20;0;0;21;0.003;1336394;3.5
320;10,02;6,923;8,762;144;Crown Holdings;TRUE;0;21;10;FALSE;FALSE;FALSE;FALSE;FALSE;FALSE;29.5;Very Confusing;193;188;658;www.crowncork.com;1;213;214;0;0;1;1;0;12;18;0;0;32;0.281;3876092;1.8
321;26,975;39,911;8,757;12,943;EOG Resources;TRUE;0;8;0;FALSE;FALSE;FALSE;FALSE;FALSE;FALSE;33.6;Difficult;132;427;1579;www.eogresources.com;0;89;89;0;0;28;0;0;11;12;10;0;61;0.418;2732152;20.3
322;2,477;596;8,718;530;Veritiv;TRUE;0;7;7;TRUE;FALSE;TRUE;FALSE;TRUE;TRUE;39.1;Difficult;192;88;524;www.veritivcorp.com;2;78;80;0;0;0;0;0;8;3;1;0;12;0.16;2616874;-12.5
323;46,414;24,029;8,698;12,819;Anadarko Petroleum;TRUE;0;10;2;TRUE;TRUE;TRUE;FALSE;FALSE;TRUE;17.2;Very Confusing;357;378;989;www.anadarko.com;4;343;347;0;0;0;0;0;17;23;2;0;42;0.335;4532795;5.8
324;14,222;11,912;8,68;4,944;Laboratory Corp. of America;TRUE;0;112;13;FALSE;FALSE;FALSE;FALSE;FALSE;FALSE;58.5;Fairly difficult;32;9;74;www.labcorp.com;38;73;111;0;0;0;1;1;1;7;1;0;11;0.437;5882387;-1.6
325;137,279;not available;8,642;10,024;Pacific Life;TRUE;0;7;1;TRUE;FALSE;TRUE;FALSE;TRUE;FALSE;31.5;Difficult;85;133;402;www.pacificlife.com;3;72;75;0;0;0;0;0;12;12;0;0;24;0.643;963450;-77.1
326;15,093;7,412;8,633;11,945;News Corp.;TRUE;0;5;4;n/a;n/a;n/a;n/a;n/a;n/a;n/a;n/a;n/a;n/a;n/a;www.newscorp.com;n/a;n/a;n/a;n/a;n/a;n/a;n/a;n/a;n/a;n/a;n/a;n/a;n/a;n/a;3448322;8.6
327;14,293;12,899;8,604;4,052;Jarden;TRUE;1;0;0;TRUE;TRUE;TRUE;FALSE;TRUE;TRUE;62.1;Standard;39;0;64;www.jarden.com;4;91;95;0;0;3;0;0;2;2;0;0;7;0.135;5764926;17.9
328;190,817;18,22;8,533;23,329;SunTrust Banks;TRUE;0;25;27;TRUE;FALSE;TRUE;FALSE;TRUE;TRUE;33.2;Difficult;718;542;1939;www.suntrust.com;41;647;688;0;0;0;0;0;8;20;2;0;30;0.173;19457460;1.1
329;17,634;2,607;8,502;439;Avis Budget Group;TRUE;1;0;0;FALSE;FALSE;FALSE;FALSE;FALSE;FALSE;49.4;Difficult;174;101;575;www.avisbudgetgroup.com;4;107;111;0;0;0;0;0;3;12;0;0;15;0.168;2040082;25.2
330;13,693;not available;8,394;10,032;Broadcom;TRUE;0;184;51;TRUE;FALSE;TRUE;FALSE;TRUE;TRUE;29.4;Very Confusing;552;415;2049;www.broadcom.com;510;478;988;0;0;0;0;0;3;4;1;0;8;0.362;34394437;2.2
331;21,461;not available;8,286;7,363;American Family Insurance Group;TRUE;0;33;5;TRUE;TRUE;TRUE;TRUE;TRUE;TRUE;61.7;Standard;247;150;977;www.amfam.com;33;136;169;0;0;0;0;0;24;5;28;0;57;0.5;7256734;1.9
332;24,145;18,859;8,229;10,126;Level 3 Communications;TRUE;1;0;0;TRUE;FALSE;TRUE;TRUE;TRUE;TRUE;43.2;Difficult;206;210;852;www.level3.com;7;188;195;0;0;0;0;0;21;16;1;0;38;0.194;4287332;9.5
333;3,967;2,963;8,209;433;Tenneco;TRUE;1;0;0;FALSE;FALSE;FALSE;FALSE;FALSE;FALSE;36;Difficult;254;116;584;www.tenneco.com;1;116;117;0;0;4;0;0;17;4;2;0;27;0.341;3258521;0.1
334;2,55;2,028;8,185;1,386;United Natural Foods;TRUE;0;28;6;TRUE;FALSE;TRUE;FALSE;TRUE;TRUE;56.6;Fairly difficult;434;97;1122;www.unfi.com;40;96;136;0;0;1;1;0;58;26;0;0;86;0.864;6274009;5.2
335;2,528;1,588;8,122;546;Dean Foods;TRUE;1;0;0;FALSE;FALSE;FALSE;FALSE;FALSE;FALSE;52.2;Fairly difficult;32;27;108;www.deanfoods.com;2;73;75;0;0;0;0;0;4;36;0;0;40;1.119;1129821;12.1
336;8,089;19,721;8,082;1,38;Campbell Soup;TRUE;0;1;0;FALSE;FALSE;FALSE;FALSE;TRUE;FALSE;64.2;Standard;145;49;399;www.campbellsoupcompany.com;49;65;114;0;0;0;0;0;38;60;1;0;99;1.64;5665823;11.6
337;9,942;14,118;8,072;4,854;Mohawk Industries;TRUE;1;0;0;FALSE;FALSE;FALSE;FALSE;FALSE;FALSE;34;Difficult;51;29;149;www.mohawkind.com;1;80;81;0;0;6;0;0;11;3;1;0;21;1.053;3187989;15.7
338;8,842;8,379;8,023;3,554;BorgWarner;TRUE;0;18;5;TRUE;FALSE;TRUE;FALSE;FALSE;TRUE;35.5;Difficult;107;119;401;www.borgwarner.com;5;80;85;0;0;3;0;0;13;5;0;0;21;0.181;2998437;13.5
339;10,696;8,051;8,02;4,552;PVH;TRUE;0;4;3;TRUE;FALSE;TRUE;FALSE;FALSE;FALSE;48.1;Difficult;102;108;448;www.pvh.com;3;92;95;0;0;0;0;0;0;0;0;0;0;0.004;1641164;6.9
340;9,777;10,058;7,997;1,251;Ball;TRUE;0;12;2;TRUE;TRUE;TRUE;TRUE;TRUE;FALSE;59.2;Fairly difficult;169;120;617;www.ball.com;5;113;118;0;0;0;0;0;4;1;0;0;5;0.653;6275895;1.1
341;6,677;26,553;7,967;1,961;O’Reilly Automotive;TRUE;0;4;0;TRUE;FALSE;FALSE;FALSE;TRUE;TRUE;56.7;Fairly difficult;314;79;851;www.oreillyauto.com;2;250;252;0;0;11;0;0;8;2;6;0;27;0.53;5450171;4.9
342;30,58;18,505;7,955;10,352;Eversource Energy;TRUE;0;7;2;TRUE;TRUE;TRUE;FALSE;TRUE;TRUE;51.3;Fairly difficult;202;196;843;www.eversource.com;8;169;177;0;0;0;0;0;13;10;1;0;24;0.214;4897382;1.6
343;16,336;23,143;7,949;11,841;Franklin Resources;TRUE;1;0;0;FALSE;FALSE;FALSE;FALSE;FALSE;FALSE;32.5;Difficult;152;124;419;www.franklinresources.com;1;117;118;0;0;5;0;0;0;1;0;0;6;0.012;2778661;20.6
344;5,68;10,469;7,904;-135;Masco;TRUE;1;0;0;TRUE;FALSE;TRUE;FALSE;TRUE;FALSE;47.7;Difficult;109;88;446;www.masco.com;1;80;81;0;0;4;0;0;12;11;0;0;27;0.006;2042912;-0.9
345;3,227;2,246;7,864;828;Lithia Motors;TRUE;0;84;8;TRUE;TRUE;TRUE;FALSE;TRUE;TRUE;69.7;Standard;136;89;512;www.lithia.com;7;183;190;0;0;2;0;0;11;1;21;0;35;0.253;9876064;2.3
346;71,058;6,6;7,786;5,547;KKR;TRUE;0;4;12;FALSE;FALSE;FALSE;FALSE;TRUE;FALSE;49.1;Difficult;216;164;925;www.kkr.com;16;139;155;0;0;0;0;0;7;5;1;0;13;0.379;79336;4.1
347;15,446;6,27;7,763;336;Oneok;TRUE;0;29;18;TRUE;FALSE;TRUE;FALSE;TRUE;FALSE;46.4;Difficult;94;79;342;www.oneok.com;0;72;72;0;0;1;0;0;0;0;0;0;1;0.293;1559162;3.5
348;25,182;14,065;7,729;11,35;Newmont Mining;TRUE;1;0;0;TRUE;FALSE;TRUE;FALSE;TRUE;TRUE;n/a;n/a;n/a;n/a;n/a;www.newmont.com;18;374;392;0;0;1;0;0;6;13;1;0;21;2.165;10109113;9.2
349;39,301;25,727;7,669;9,919;PPL;TRUE;0;5;6;FALSE;FALSE;TRUE;FALSE;TRUE;TRUE;37.2;Difficult;98;66;254;www.pplweb.com;77;35;112;0;0;0;0;0;8;12;0;0;20;0.358;13220;5.4
350;1,925;1,13;7,652;791;SpartanNash;TRUE;0;9;8;FALSE;FALSE;FALSE;FALSE;FALSE;FALSE;34.6;Difficult;320;244;954;www.spartannash.com;202;87;289;0;0;0;0;0;11;7;1;0;19;0.329;5956900;2.5
351;5,214;3,605;7,632;3,086;Quanta Services;TRUE;1;0;0;FALSE;FALSE;FALSE;FALSE;FALSE;TRUE;41;Difficult;70;150;585;www.quantaservices.com;8;38;46;0;0;0;0;0;14;0;0;0;14;0.155;1949482;27.8
352;12,643;3,366;7,623;2,717;XPO Logistics;TRUE;1;0;0;TRUE;FALSE;TRUE;FALSE;TRUE;TRUE;40.6;Difficult;198;167;604;www.xpo.com;3;131;134;0;0;2;1;0;12;6;4;0;25;0.017;3942324;7.3
353;6,106;8,087;7,62;3,891;Ralph Lauren;TRUE;0;50;25;FALSE;FALSE;FALSE;FALSE;TRUE;FALSE;56.9;Fairly difficult;203;64;441;www.ralphlauren.com;2;183;185;0;0;11;0;0;0;3;0;0;14;0.085;5796990;8.4
354;12,585;9,229;7,614;1,966;Interpublic Group;TRUE;0;66;0;TRUE;FALSE;TRUE;FALSE;TRUE;FALSE;52.3;Fairly difficult;239;331;1524;www.interpublic.com;1;112;113;0;0;0;0;0;46;6;3;0;55;1.447;3818929;14.4
355;6,202;5,48;7,594;2,68;Steel Dynamics;TRUE;1;0;0;FALSE;FALSE;FALSE;FALSE;FALSE;FALSE;22;Very Confusing;123;70;311;www.steeldynamics.com;0;95;95;0;0;0;0;0;11;2;0;0;13;0.292;2243486;3.5
356;4,587;2,307;7,519;1,777;WESCO International;TRUE;0;7;8;TRUE;FALSE;TRUE;FALSE;TRUE;FALSE;51.6;Fairly difficult;120;113;607;www.wesco.com;6;77;83;0;0;0;0;0;9;9;0;0;18;0.398;2140771;2.2
357;9,962;10,2;7,493;4,684;Quest Diagnostics;TRUE;0;2;1;TRUE;FALSE;TRUE;FALSE;TRUE;TRUE;41.4;Difficult;30;24;79;www.questdiagnostics.com;140;31;171;0;0;1;0;0;6;3;3;0;13;0.184;5532286;1.7
358;18,133;25,473;7,477;6,32;Boston Scientific;TRUE;0;4;0;TRUE;FALSE;TRUE;FALSE;TRUE;FALSE;12.1;Very Confusing;335;274;883;www.bostonscientific.com;6;318;324;0;0;7;0;0;56;138;248;0;449;0.247;14368870;11.0
359;6,501;4,098;7,467;2,838;AGCO;TRUE;0;24;2;TRUE;TRUE;TRUE;FALSE;TRUE;TRUE;45.6;Difficult;121;89;414;www.agcocorp.com;8;159;167;0;0;0;0;0;10;19;0;0;29;0.132;3220263;12.1
360;3,775;8,778;7,412;2,553;Foot Locker;TRUE;0;15;2;FALSE;FALSE;FALSE;FALSE;FALSE;FALSE;70.7;Standard;42;17;99;www.footlocker-inc.com;1;41;42;0;0;2;0;0;1;0;0;0;3;0.0;682766;-0.7
361;5,344;19,797;7,387;998;Hershey;TRUE;0;3;1;TRUE;TRUE;TRUE;FALSE;TRUE;TRUE;40.7;Difficult;239;82;526;www.thehersheycompany.com;11;132;143;0;0;1;0;0;28;21;0;0;50;0.117;5021124;5.7
362;21,334;9,009;7,386;3,461;CenterPoint Energy;TRUE;0;13;0;FALSE;FALSE;FALSE;FALSE;FALSE;FALSE;57.7;Fairly difficult;58;48;248;www.centerpointenergy.com;4;41;45;0;0;2;0;0;0;5;4;0;11;0.07;3811845;21.4
363;49,02;12,054;7,36;6,148;Williams;TRUE;0;5;2;n/a;n/a;n/a;n/a;n/a;n/a;n/a;n/a;n/a;n/a;n/a;www.williams.com;n/a;n/a;n/a;n/a;n/a;n/a;n/a;n/a;n/a;n/a;n/a;n/a;n/a;n/a;4211391;6.1
364;3,559;5,373;7,271;1,789;Dick’s Sporting Goods;TRUE;0;246;13;TRUE;FALSE;FALSE;TRUE;TRUE;TRUE;67.8;Standard;116;62;660;www.dickssportinggoods.com;10;433;443;0;0;1;0;0;0;9;28;0;38;0.462;19367371;2.1
365;6,156;4,517;7,246;1,237;Live Nation Entertainment;TRUE;0;14;1;TRUE;TRUE;FALSE;TRUE;TRUE;TRUE;75.4;Fairly easy;24;13;82;www.livenation.com;1;24;25;0;0;1;0;0;0;4;1;0;6;0.133;2379657;12.1
366;35,629;not available;7,236;5,127;Mutual of Omaha Insurance;TRUE;0;23;33;TRUE;FALSE;TRUE;FALSE;TRUE;FALSE;n/a;n/a;n/a;n/a;n/a;www.mutualofomaha.com;24;138;162;0;0;17;0;0;3;5;2;0;27;0.441;3620183;3.7
367;21,731;6,889;7,207;4,6;W.R. Berkley;TRUE;0;6;9;FALSE;FALSE;FALSE;FALSE;TRUE;FALSE;35.6;Difficult;126;122;393;www.wrberkley.com;5;87;92;0;0;0;0;0;10;13;1;0;24;0.093;2492187;16.1
368;5,648;9,777;7,193;3,115;LKQ;TRUE;0;15;23;TRUE;TRUE;TRUE;FALSE;TRUE;FALSE;55.2;Fairly difficult;207;144;656;www.lkqcorp.com;22;212;234;0;0;6;0;0;8;8;6;0;28;0.75;9429332;1.8
369;3,88;2,095;7,173;-1,07;Avon Products;TRUE;1;0;0;FALSE;FALSE;FALSE;FALSE;FALSE;FALSE;n/a;n/a;n/a;n/a;n/a;www.avoncompany.com;0;60;60;0;0;1;0;0;7;1;1;0;10;0.134;n/a;27.4
370;5,995;8,502;7,164;2,334;Darden Restaurants;TRUE;0;16;2;FALSE;FALSE;TRUE;FALSE;TRUE;TRUE;44.4;Difficult;115;89;460;www.darden.com;21;123;144;0;0;8;0;0;0;8;0;0;16;0.415;3115072;32.0
371;6,519;1,035;7,098;1,5;Kindred Healthcare;TRUE;1;0;0;TRUE;FALSE;TRUE;TRUE;TRUE;TRUE;50.4;Difficult;84;66;329;www.kindredhealthcare.com;1;105;106;0;0;11;0;0;11;15;0;0;37;0.664;4605977;21.9
372;12,486;24,455;7,082;4,869;Weyerhaeuser;TRUE;1;0;0;FALSE;FALSE;FALSE;FALSE;FALSE;FALSE;25.6;Very Confusing;633;469;1837;www.weyerhaeuser.com;9;658;667;0;0;0;0;0;9;13;20;0;42;0.813;11728150;12.2
373;2,47;4,425;7,052;875;Casey’s General Stores;TRUE;0;6;12;TRUE;TRUE;TRUE;FALSE;TRUE;TRUE;57.5;Fairly difficult;258;89;865;www.caseys.com;15;144;159;0;0;1;0;0;11;10;0;0;22;0.234;2754269;4.2
374;7,426;9,41;7,032;527;Sealed Air;TRUE;0;5;6;TRUE;FALSE;TRUE;FALSE;TRUE;TRUE;48.4;Difficult;108;61;279;www.sealedair.com;16;103;119;0;0;1;0;0;9;7;0;0;17;0.198;5435840;-1.4
375;141,082;13,082;7,031;15,839;Fifth Third Bancorp;TRUE;0;37;8;TRUE;FALSE;TRUE;FALSE;TRUE;TRUE;n/a;n/a;n/a;n/a;n/a;www.53.com;23;316;339;0;0;0;0;0;6;4;0;0;10;0.698;27920;0.7
376;8,62;9,979;7,029;3,645;Dover;TRUE;1;0;0;FALSE;FALSE;TRUE;FALSE;FALSE;TRUE;34.9;Difficult;84;110;392;www.dovercorporation.com;0;79;79;0;0;5;0;0;13;6;3;0;27;0.443;5779256;1.6
377;6,024;6,471;7,02;1,49;Huntington Ingalls Industries;TRUE;0;4;0;TRUE;TRUE;TRUE;TRUE;TRUE;TRUE;40.8;Difficult;307;260;1099;www.huntingtoningalls.com;14;302;316;0;0;0;0;0;15;23;2;0;40;0.425;8303136;22.5
378;10,203;43,763;6,78;2,223;Netflix;TRUE;0;26;4;FALSE;FALSE;FALSE;FALSE;FALSE;FALSE;8.2;Very Confusing;61;294;936;www.netflix.com;245;37;282;0;0;43;12;12;24;304;23;0;418;0.614;3076460;0.7
379;3,866;3,05;6,755;1,795;Dillard’s;TRUE;0;166;16;TRUE;TRUE;FALSE;TRUE;TRUE;TRUE;49.9;Difficult;62;39;188;www.dillards.com;10;135;145;0;0;4;0;0;10;11;0;0;25;0.034;6478901;0.5
380;3,547;2,948;6,723;1,477;EMCOR Group;TRUE;0;7;6;TRUE;FALSE;TRUE;FALSE;FALSE;TRUE;47.6;Difficult;130;141;628;www.emcorgroup.com;2;95;97;0;0;0;0;0;6;22;0;0;28;0.205;2407222;8.9
381;16,356;not available;6,694;2,61;Jones Financial;TRUE;0;10;9;TRUE;FALSE;TRUE;FALSE;TRUE;TRUE;60.9;Fairly difficult;188;104;696;www.edwardjones.com;13;102;115;0;0;0;0;0;4;24;0;0;28;0.355;1323200;2.1
382;4,084;737;6,693;-978;AK Steel Holding;TRUE;1;0;0;FALSE;FALSE;FALSE;FALSE;FALSE;FALSE;37;Difficult;107;79;329;www.aksteel.com;3;69;72;0;0;3;0;0;15;1;0;0;19;0.172;1111619;8.5
383;10,547;6,926;6,691;2,692;UGI;TRUE;1;0;0;FALSE;FALSE;FALSE;FALSE;TRUE;FALSE;n/a;n/a;n/a;n/a;n/a;www.ugicorp.com;6;138;144;0;0;0;0;0;15;14;0;0;29;1.303;6636134;-2.8
384;15,504;16,236;6,672;4,864;Expedia;TRUE;1;0;0;FALSE;FALSE;FALSE;FALSE;TRUE;TRUE;n/a;n/a;n/a;n/a;n/a;www.expediainc.com;4;140;144;0;0;1;0;0;17;33;6;0;57;0.63;22340;7.8
385;12,771;49,533;6,667;5,003;salesforce.com;TRUE;0;82;184;TRUE;FALSE;TRUE;FALSE;TRUE;TRUE;45.3;Difficult;419;234;1192;www.salesforce.com;217;55;272;0;0;12;0;0;3;19;4;0;38;0.6;13160256;11.7
386;13,254;4,795;6,659;1,461;Targa Resources;TRUE;1;0;0;FALSE;FALSE;FALSE;FALSE;FALSE;FALSE;22.5;Very Confusing;35;31;108;www.targaresources.com;1;36;37;0;0;0;0;0;6;4;0;0;10;0.186;907814;9.3
387;18,842;18,475;6,654;2,566;Apache;TRUE;0;28;13;TRUE;FALSE;TRUE;FALSE;TRUE;TRUE;92.1;Very easy;21;5;66;www.apachecorp.com;4;96;100;0;0;4;0;0;14;5;0;0;23;0.476;3389192;8.1
388;5,778;6,026;6,644;2,12;Spirit AeroSystems Holdings;TRUE;0;13;6;FALSE;FALSE;TRUE;FALSE;TRUE;TRUE;36;Difficult;323;221;952;www.spiritaero.com;14;230;244;0;0;13;0;0;15;11;9;0;48;0.481;13220;16.1
389;2,582;8,911;6,617;1,692;Expeditors International of Washington;TRUE;0;6;0;FALSE;FALSE;FALSE;FALSE;FALSE;FALSE;n/a;n/a;n/a;n/a;n/a;www.expeditors.com;0;3;3;0;0;1;1;1;0;4;0;0;7;0.063;0;-4.5
390;4,142;1,718;6,596;1,179;Anixter International;TRUE;0;98;7;TRUE;FALSE;TRUE;FALSE;TRUE;TRUE;34.9;Difficult;379;188;943;www.anixter.com;16;419;435;0;0;1;0;0;54;19;4;0;78;0.552;n/a;20.8
391;26,269;20,564;6,595;9,321;Fidelity National Information Services;TRUE;0;92;6;TRUE;FALSE;TRUE;FALSE;TRUE;TRUE;31.1;Difficult;452;688;2517;www.fisglobal.com;6;473;479;0;0;1;0;0;1;28;1;0;31;1.237;8523503;17.8
392;2,306;1,494;6,588;315;Asbury Automotive Group;TRUE;0;0;2;TRUE;FALSE;FALSE;FALSE;TRUE;FALSE;47;Difficult;133;64;370;www.asburyauto.com;8;66;74;0;0;0;0;0;0;35;0;0;35;0.026;1007754;1.0
393;34,195;16,676;6,575;19,386;Hess;TRUE;0;24;1;TRUE;FALSE;TRUE;FALSE;TRUE;TRUE;66.4;Standard;453;245;1585;www.hess.com;4;72;76;0;0;2;0;0;8;0;0;0;10;0.649;5139121;8.0
394;10,968;3,478;6,572;1,987;Ryder System;TRUE;0;94;51;TRUE;TRUE;TRUE;FALSE;TRUE;TRUE;46.1;Difficult;308;465;1854;www.ryder.com;5;255;260;0;1;0;0;0;33;17;2;0;53;0.665;8919322;25.7
395;5,637;2,702;6,543;1,877;Terex;TRUE;0;0;0;FALSE;FALSE;FALSE;FALSE;FALSE;FALSE;23;Very Confusing;16;23;79;www.terex.com;0;20;20;0;0;0;0;0;1;0;0;0;1;0.0;490157;12.8
396;7,611;11,547;6,54;957;Coca-Cola European Partners;TRUE;0;42;1;FALSE;FALSE;FALSE;FALSE;FALSE;TRUE;61;Standard;253;144;895;www.cokecce.com;4;84;88;0;0;12;0;0;30;20;0;0;62;0.277;3782242;9.3
397;20,108;not available;6,517;8,777;Auto-Owners Insurance;TRUE;0;15;10;n/a;n/a;n/a;n/a;n/a;n/a;n/a;n/a;n/a;n/a;n/a;www.auto-owners.com;n/a;n/a;n/a;n/a;n/a;n/a;n/a;n/a;n/a;n/a;n/a;n/a;n/a;n/a;n/a;4.0
398;6,867;9,13;6,51;-4,911;Cablevision Systems;TRUE;0;13;2;FALSE;FALSE;FALSE;FALSE;FALSE;FALSE;54.9;Fairly difficult;75;27;193;www.cablevision.com;0;69;69;0;0;0;0;0;4;10;0;0;14;0.428;4047772;2.0
399;13,233;11,988;6,508;5,935;Symantec;TRUE;0;7;0;TRUE;FALSE;TRUE;FALSE;TRUE;TRUE;43.9;Difficult;295;129;891;www.symantec.com;47;123;170;0;0;0;0;0;0;32;32;0;64;0.208;45904801;7.0
400;183,718;37,026;6,501;13,402;Charles Schwab;TRUE;0;19;3;TRUE;FALSE;TRUE;FALSE;TRUE;TRUE;55.4;Fairly difficult;216;246;1334;www.aboutschwab.com;3;47;50;0;0;1;0;0;17;2;0;0;20;0.164;4173889;2.9
401;18,833;5,447;6,472;3,109;Calpine;TRUE;0;120;18;TRUE;FALSE;TRUE;FALSE;TRUE;FALSE;32.8;Difficult;129;138;497;www.calpine.com;5;112;117;0;0;0;0;0;6;2;1;0;9;0.532;4364630;13.6
402;20,34;11,797;6,456;3,938;CMS Energy;TRUE;1;0;0;FALSE;FALSE;FALSE;FALSE;FALSE;FALSE;n/a;n/a;n/a;n/a;n/a;www.cmsenergy.com;5;280;285;0;0;1;0;0;8;6;1;0;16;0.515;7431649;5.5
403;22,422;13,049;6,44;2,01;Alliance Data Systems;TRUE;1;0;0;TRUE;FALSE;TRUE;FALSE;TRUE;TRUE;51.3;Fairly difficult;209;255;1395;www.alliancedata.com;26;43;69;0;0;0;10;10;30;17;0;0;67;0.303;3233213;6.7
404;8,66;6,802;6,416;3,21;JetBlue Airways;TRUE;0;311;13;TRUE;TRUE;FALSE;FALSE;TRUE;TRUE;n/a;n/a;n/a;n/a;n/a;www.jetblue.com;6;185;191;0;0;6;1;0;10;62;4;0;83;0.165;18866;28.7
405;15,864;11,733;6,394;5,451;Discovery Communications;TRUE;0;3;14;TRUE;TRUE;TRUE;FALSE;TRUE;TRUE;50.4;Difficult;232;126;804;www.discoverycommunications.com;61;138;199;0;0;1;4;4;23;208;0;0;240;0.187;13220;7.7
406;8,886;2,799;6,393;3,654;Trinity Industries;TRUE;1;0;0;FALSE;FALSE;FALSE;FALSE;FALSE;FALSE;13.6;Very Confusing;12;51;128;www.trin.net;2;7;9;0;0;123;0;0;17;3;0;0;143;0.175;1301752;24.5
407;3,493;1,805;6,375;1,521;Sanmina;TRUE;1;0;0;FALSE;FALSE;FALSE;FALSE;FALSE;FALSE;n/a;n/a;n/a;n/a;n/a;www.sanmina.com;0;0;0;0;0;0;0;0;0;0;0;0;0;0.0;12291137;16.0
408;7,635;3,984;6,373;720;NCR;TRUE;0;36;19;TRUE;FALSE;TRUE;FALSE;TRUE;TRUE;52.2;Fairly difficult;124;86;426;www.ncr.com;17;105;122;0;0;0;1;1;7;7;2;0;18;0.36;3129682;0.6
409;6,438;6,208;6,363;2,512;FMC Technologies;TRUE;0;57;14;TRUE;FALSE;FALSE;FALSE;FALSE;FALSE;18.9;Very Confusing;69;74;276;www.fmctechnologies.com;1;117;118;0;0;10;0;0;1;5;1;0;17;0.318;2665194;10.7
410;18,272;not available;6,351;8,244;Erie Insurance Group;TRUE;0;31;22;TRUE;FALSE;TRUE;FALSE;TRUE;TRUE;57.2;Fairly difficult;179;164;797;www.erieinsurance.com;15;133;148;1;0;1;0;0;1;20;1;0;24;0.786;9620066;-14.3
411;6,405;14,949;6,308;2,257;Rockwell Automation;TRUE;0;30;5;TRUE;FALSE;TRUE;FALSE;TRUE;TRUE;39.1;Difficult;46;61;259;www.rockwellautomation.com;11;219;230;0;0;0;0;0;14;0;4;0;18;0.089;6726957;7.4
412;8,869;16,753;6,282;2,183;Dr Pepper Snapple Group;TRUE;0;16;3;TRUE;FALSE;TRUE;FALSE;TRUE;TRUE;57;Fairly difficult;70;95;451;www.drpeppersnapplegroup.com;30;171;201;0;0;0;0;0;10;116;3;0;129;0.496;272075;9.4
413;13,821;99;6,242;-10,784;iHeartMedia;TRUE;1;0;0;TRUE;FALSE;FALSE;FALSE;TRUE;FALSE;35;Difficult;34;26;123;www.iheartmedia.com;2;53;55;0;2;1;1;1;2;8;1;0;16;0.541;3501310;6.0
414;2,371;12,06;6,227;1,393;Tractor Supply;TRUE;0;30;5;n/a;n/a;n/a;n/a;n/a;n/a;n/a;n/a;n/a;n/a;n/a;www.tractorsupply.com;n/a;n/a;n/a;n/a;n/a;n/a;n/a;n/a;n/a;n/a;n/a;n/a;n/a;n/a;19733;55.5
415;3,637;9,5;6,188;1,3;J.B. Hunt Transport Services;TRUE;0;37;1;TRUE;FALSE;TRUE;FALSE;TRUE;TRUE;53.5;Fairly difficult;82;56;227;www.jbhunt.com;5;71;76;0;0;1;0;0;0;4;0;0;5;0.464;1656138;15.0
416;3,372;1,944;6,162;1,319;Commercial Metals;TRUE;0;2;5;FALSE;FALSE;FALSE;FALSE;FALSE;FALSE;64.2;Standard;37;11;78;www.cmc.com;0;30;30;0;0;0;0;0;0;1;0;0;1;0.003;1528660;2.3
417;9,421;2,569;6,156;466;Owens-Illinois;TRUE;1;0;0;FALSE;FALSE;FALSE;FALSE;FALSE;FALSE;29.6;Very Confusing;109;76;231;www.o-i.com;0;51;51;0;0;0;0;0;2;0;0;0;2;0.285;961280;0.2
418;5,93;6,335;6,155;2,375;Harman International Industries;TRUE;0;88;19;TRUE;TRUE;TRUE;TRUE;TRUE;TRUE;33.1;Difficult;186;193;723;www.harman.com;20;162;182;0;0;0;7;7;53;52;1;0;120;0.484;6141360;3.5
419;12,329;27,522;6,149;3,924;Baxalta;TRUE;0;8;2;FALSE;FALSE;FALSE;FALSE;FALSE;TRUE;32.6;Difficult;111;139;478;www.baxalta.com;2;134;136;0;0;0;0;0;2;20;0;0;22;0.58;3384582;6.1
420;49,859;6,094;6,145;4,592;American Financial Group;TRUE;0;50;5;TRUE;FALSE;TRUE;FALSE;FALSE;TRUE;29.4;Very Confusing;111;144;422;www.afginc.com;0;101;101;0;0;8;0;0;4;10;0;0;22;0.004;1981367;19.4
421;9,401;7,889;6,123;3,414;NetApp;TRUE;0;24;26;TRUE;FALSE;TRUE;FALSE;TRUE;TRUE;48.5;Difficult;276;200;874;www.netapp.com;8;270;278;0;0;0;0;0;10;11;6;0;27;0.099;8369782;5.5
422;2,05;not available;6,11;685;Graybar Electric;TRUE;1;0;0;TRUE;FALSE;FALSE;FALSE;FALSE;FALSE;47.9;Difficult;54;23;176;www.graybar.com;1;33;34;0;0;0;0;0;0;9;2;0;11;0.189;1363471;16.2
423;4,613;2,988;6,098;1,911;Oshkosh;TRUE;1;0;0;TRUE;FALSE;TRUE;FALSE;FALSE;TRUE;22.9;Very Confusing;7;8;35;www.oshkoshcorporation.com;3;20;23;0;0;46;0;0;1;1;0;0;48;0.001;1342000;26.0
424;23,64;12,156;6,098;6,946;Ameren;TRUE;0;143;5;TRUE;FALSE;FALSE;FALSE;TRUE;FALSE;19.4;Very Confusing;104;109;285;www.ameren.com;34;86;120;0;0;0;0;0;0;36;0;0;36;0.664;4171303;3.7
425;326;139;6,07;56;A-Mark Precious Metals;TRUE;0;83;7;FALSE;FALSE;FALSE;FALSE;FALSE;FALSE;84.8;Easy;331;85;1017;www.amark.com;0;76;76;0;0;1;0;0;5;33;0;0;39;0.657;3503888;12.4
426;3,23;923;6,07;1,189;"Barnes &amp; Noble";TRUE;1;0;0;TRUE;TRUE;FALSE;FALSE;TRUE;FALSE;54;Fairly difficult;165;124;664;www.barnesandnobleinc.com;4;124;128;0;0;1;0;0;20;1;0;0;22;0.578;4302205;15.5
427;4,326;2,097;6,06;728;Dana Holding;TRUE;1;0;0;TRUE;FALSE;TRUE;FALSE;TRUE;TRUE;43.9;Difficult;61;70;287;www.dana.com;0;47;47;0;0;0;0;0;4;7;0;0;11;0.154;1298388;1.3
428;15,145;30,103;6,028;5,771;Constellation Brands;TRUE;1;0;0;FALSE;FALSE;FALSE;FALSE;FALSE;FALSE;54.4;Fairly difficult;85;56;260;www.cbrands.com;0;61;61;0;0;1;1;0;0;3;0;0;5;0.145;1301268;11.2
429;5,997;2,987;6,014;2,264;LifePoint Health;TRUE;1;0;0;FALSE;FALSE;TRUE;FALSE;TRUE;FALSE;31.6;Difficult;87;122;381;www.lifepointhealth.net;1;75;76;0;0;0;0;0;2;2;0;0;4;0.002;1503735;2.3
430;27,22;21,202;5,998;9,888;Zimmer Biomet Holdings;TRUE;1;0;0;TRUE;FALSE;TRUE;FALSE;TRUE;TRUE;53.1;Fairly difficult;146;118;571;www.zimmerbiomet.com;3;45;48;0;0;0;0;0;0;6;0;0;6;0.162;3838383;3.9
431;9,991;9,417;5,995;1,84;Harley-Davidson;TRUE;0;114;66;FALSE;FALSE;FALSE;FALSE;FALSE;FALSE;74.2;Fairly easy;207;21;476;www.harley-davidson.com;4;173;177;0;0;2;0;0;19;77;3;0;101;0.125;8133520;1.4
432;8,967;6,481;5,982;4,759;PulteGroup;TRUE;1;0;0;FALSE;FALSE;FALSE;FALSE;FALSE;FALSE;n/a;n/a;n/a;n/a;n/a;www.pultegroupinc.com;1;143;144;0;0;2;0;0;6;8;0;0;16;0.469;4315689;11.1
433;7,278;11,873;5,972;1,823;Newell Brands;TRUE;1;0;0;TRUE;TRUE;TRUE;FALSE;TRUE;TRUE;62.1;Standard;39;0;64;www.newellbrands.com;4;91;95;0;0;3;0;0;2;2;0;0;7;0.135;5844543;18.6
434;4,134;6,449;5,967;966;Avery Dennison;TRUE;0;56;0;TRUE;TRUE;TRUE;FALSE;TRUE;TRUE;37.2;Difficult;314;306;1255;www.averydennison.com;9;157;166;0;0;0;0;0;28;26;0;0;54;0.241;7152650;2.9
435;6,205;5,289;5,966;2,689;Jones Lang LaSalle;TRUE;0;128;28;TRUE;FALSE;TRUE;FALSE;TRUE;TRUE;62.7;Standard;25;8;58;www.jll.com;3;169;172;0;0;1;1;1;19;17;5;0;44;0.137;10657908;2.8
436;29,355;18,961;5,926;8,655;WEC Energy Group;TRUE;0;7;10;FALSE;FALSE;FALSE;FALSE;TRUE;TRUE;33;Difficult;82;45;179;www.wecenergygroup.com;3;53;56;0;0;1;0;0;9;5;0;0;15;0.182;1185596;0.5
437;32,311;9,399;5,861;18,553;Marathon Oil;TRUE;0;13;0;FALSE;TRUE;TRUE;FALSE;TRUE;TRUE;13.8;Very Confusing;62;92;238;www.marathonoil.com;1;149;150;0;0;14;0;0;7;15;0;0;36;0.323;2532030;4.9
438;1,635;263;5,851;549;TravelCenters of America;TRUE;1;0;0;FALSE;FALSE;FALSE;FALSE;FALSE;FALSE;n/a;n/a;n/a;n/a;n/a;www.ta-petrol.com;0;4;4;0;0;4;0;0;3;5;0;0;12;0.278;4127;16.6
439;12,083;5,599;5,817;1,476;United Rentals;TRUE;0;18;10;TRUE;FALSE;TRUE;FALSE;TRUE;TRUE;55.4;Fairly difficult;123;139;652;www.unitedrentals.com;24;74;98;0;0;1;0;0;3;21;3;0;28;0.586;6623682;0.6
440;32,334;2,794;5,816;587;HRG Group;TRUE;0;11;3;FALSE;FALSE;FALSE;FALSE;FALSE;FALSE;35.4;Difficult;32;51;155;www.hrggroup.com;1;27;28;0;0;0;0;0;8;2;0;0;10;0.0;738597;7.8
441;17,111;4,79;5,766;3,881;Old Republic International;TRUE;0;60;7;n/a;n/a;n/a;n/a;n/a;n/a;n/a;n/a;n/a;n/a;n/a;www.oldrepublic.com;n/a;n/a;n/a;n/a;n/a;n/a;n/a;n/a;n/a;n/a;n/a;n/a;n/a;n/a;n/a;4.5
442;12,518;703;5,765;306;Windstream Holdings;TRUE;0;50;12;FALSE;FALSE;FALSE;FALSE;FALSE;FALSE;57.7;Fairly difficult;132;72;550;www.windstream.com;13;50;63;0;1;2;0;0;0;7;3;1;14;3.056;10828321;2.2
443;8,268;14,08;5,763;1,296;"Starwood Hotels &amp; Resorts";TRUE;0;14;0;FALSE;FALSE;FALSE;FALSE;FALSE;FALSE;n/a;n/a;n/a;n/a;n/a;www.starwoodhotels.com;0;23;23;0;0;0;0;0;0;0;1;0;1;0.001;19695;1.4
444;3,325;947;5,762;1,153;Delek US Holdings;TRUE;0;6;0;FALSE;FALSE;FALSE;FALSE;FALSE;FALSE;57.4;Fairly difficult;54;71;393;www.delekus.com;0;27;27;0;0;1;1;0;6;4;0;0;12;0.004;1030007;15.8
445;5,285;5,693;5,742;1,633;Packaging Corp. of America;TRUE;0;200;3;FALSE;FALSE;TRUE;FALSE;TRUE;FALSE;60.5;Fairly difficult;533;467;2425;www.packagingcorp.com;544;88;632;0;0;0;0;0;15;4;0;0;19;1.214;12707257;14.2
446;3,926;7,78;5,738;-564;Quintiles Transnational Holdings;TRUE;0;26;1;TRUE;FALSE;TRUE;FALSE;TRUE;TRUE;23.2;Very Confusing;275;361;1080;www.quintiles.com;11;202;213;0;0;0;0;0;16;12;14;0;42;0.781;5934055;18.3
447;5,619;10,997;5,732;1,276;Hanesbrands;TRUE;0;20;3;FALSE;FALSE;FALSE;FALSE;FALSE;FALSE;n/a;n/a;n/a;n/a;n/a;www.hanes.com;4;556;560;0;0;5;0;0;23;28;4;0;60;0.265;18669;16.0
448;7,531;5,308;5,706;2,418;Realogy Holdings;TRUE;0;52;12;TRUE;FALSE;TRUE;FALSE;TRUE;TRUE;49.6;Difficult;108;84;446;www.realogy.com;4;108;112;0;0;3;0;0;35;7;0;0;45;0.016;1890902;2.4
449;6,553;11,431;5,703;2,633;Mattel;TRUE;1;0;0;FALSE;FALSE;FALSE;FALSE;FALSE;FALSE;84.9;Easy;44;2;76;www.mattel.com;0;192;192;0;1;4;2;2;174;128;0;0;311;0.044;7565990;20.6
450;8,387;13,224;5,695;-106;Motorola Solutions;TRUE;0;1;0;FALSE;FALSE;FALSE;FALSE;FALSE;FALSE;24.8;Very Confusing;191;139;519;www.motorolasolutions.com;0;179;179;0;0;0;0;0;6;0;0;0;6;0.106;2507557;9.9
451;16,883;15,54;5,693;7,087;J.M. Smucker;TRUE;1;0;0;FALSE;FALSE;FALSE;FALSE;FALSE;FALSE;38.5;Difficult;83;80;279;www.jmsmucker.com;1;64;65;0;0;0;0;0;1;1;1;0;3;0.289;1522972;3.8
452;126,05;10,025;5,674;16,844;Regions Financial;TRUE;0;17;23;TRUE;FALSE;TRUE;TRUE;TRUE;FALSE;55;Fairly difficult;339;244;1288;www.regions.com;89;188;277;0;0;0;0;0;10;4;0;0;14;0.505;n/a;8.3
453;8,586;9,655;5,674;2,378;Celanese;TRUE;0;16;4;TRUE;FALSE;TRUE;FALSE;TRUE;TRUE;6.5;Very Confusing;252;270;618;www.celanese.com;1;1254;1255;0;0;0;0;0;10;2;0;0;12;1.203;34843087;4.3
454;4,164;16,318;5,666;118;Clorox;TRUE;0;57;15;TRUE;TRUE;TRUE;FALSE;TRUE;TRUE;28;Very Confusing;90;124;392;www.thecloroxcompany.com;138;33;171;0;0;0;0;0;26;12;5;0;43;0.638;6014933;4.0
455;5,074;7,677;5,621;2,144;Ingredion;TRUE;0;9;2;FALSE;FALSE;FALSE;FALSE;FALSE;FALSE;40.6;Difficult;76;103;392;www.ingredion.com;0;43;43;0;0;0;0;0;0;2;0;0;2;0.229;1865764;12.5
456;6,092;356;5,619;-436;Genesis Healthcare;TRUE;0;5;0;TRUE;FALSE;TRUE;FALSE;FALSE;FALSE;45.3;Difficult;49;38;201;www.genesishcc.com;0;82;82;0;0;1;0;0;15;10;0;0;26;0.426;5211761;8.6
457;11,021;43;5,609;917;Peabody Energy;TRUE;1;0;0;FALSE;FALSE;TRUE;FALSE;TRUE;TRUE;36.5;Difficult;308;461;1465;www.peabodyenergy.com;13;227;240;0;0;0;0;0;11;36;2;0;49;0.595;n/a;10.0
458;6,533;10,23;5,598;2,411;Alaska Air Group;TRUE;0;50;38;TRUE;TRUE;FALSE;FALSE;TRUE;TRUE;49.6;Difficult;420;346;1525;www.alaskaair.com;29;456;485;0;0;30;0;0;3;4;22;0;59;0.803;27597737;4.4
459;4,431;3,515;5,594;2,876;Seaboard;TRUE;0;3;3;FALSE;FALSE;TRUE;FALSE;FALSE;FALSE;46.1;Difficult;65;56;246;www.seaboardcorp.com;29;29;58;0;0;2;0;0;29;9;0;0;40;0.003;13220;2.7
460;27,084;6,552;5,576;5,614;Frontier Communications;TRUE;0;4;3;TRUE;FALSE;TRUE;FALSE;TRUE;TRUE;51.4;Fairly difficult;52;20;121;www.frontier.com;30;173;203;0;0;2;0;0;1;0;3;0;6;0.342;8894160;7.6
461;7,458;17,811;5,569;3,239;Amphenol;TRUE;0;13;0;FALSE;FALSE;FALSE;FALSE;FALSE;FALSE;55.7;Fairly difficult;78;51;266;www.amphenol.com;1;69;70;0;0;3;0;0;10;2;0;0;15;0.001;1032272;22.0
462;1,008;not available;5,565;112;Lansing Trade Group;TRUE;1;0;0;TRUE;FALSE;TRUE;FALSE;TRUE;FALSE;55.5;Fairly difficult;107;82;451;www.lansingtradegroup.com;6;66;72;0;0;0;0;0;22;15;1;0;38;0.268;2876514;4.6
463;9,231;15,293;5,565;5,739;SanDisk;TRUE;0;32;3;FALSE;FALSE;FALSE;FALSE;FALSE;FALSE;91.5;Very easy;12;2;30;www.sandisk.com;0;0;0;0;0;0;0;0;0;0;0;0;0;0.002;1551273;11.0
464;13,064;15,599;5,541;4,042;St. Jude Medical;TRUE;1;0;0;n/a;n/a;n/a;n/a;n/a;n/a;n/a;n/a;n/a;n/a;n/a;www.sjm.com;n/a;n/a;n/a;n/a;n/a;n/a;n/a;n/a;n/a;n/a;n/a;n/a;n/a;n/a;n/a;21.8
465;9,716;8,576;5,536;950;Wyndham Worldwide;TRUE;1;0;0;FALSE;FALSE;FALSE;FALSE;FALSE;FALSE;36.7;Difficult;104;71;312;www.wyndhamworldwide.com;3;138;141;0;0;2;1;0;50;10;0;0;63;0.287;3274558;8.2
466;1,94;726;5,518;895;Kelly Services;TRUE;1;0;0;TRUE;FALSE;TRUE;FALSE;TRUE;TRUE;n/a;n/a;n/a;n/a;n/a;www.kellyservices.com;4;208;212;0;0;3;0;0;1;14;1;0;19;0.403;4204763;8.9
467;9,459;9,56;5,484;1,405;Western Union;TRUE;0;4;1;TRUE;FALSE;FALSE;FALSE;TRUE;TRUE;62.8;Standard;42;10;89;www.westernunion.com;3;91;94;0;0;0;0;0;2;1;0;0;3;0.036;19492;3.2
468;6,388;3,816;5,448;1,967;Envision Healthcare Holdings;TRUE;0;13;4;FALSE;FALSE;FALSE;FALSE;FALSE;FALSE;n/a;n/a;n/a;n/a;n/a;www.evhc.net;0;122;122;0;0;0;0;0;4;2;0;0;6;0.37;3374096;4.9
469;4,682;3,093;5,444;1,057;Visteon;TRUE;1;0;0;TRUE;TRUE;TRUE;FALSE;TRUE;TRUE;30.8;Very Confusing;99;108;429;www.visteon.com;4;108;112;0;0;3;0;0;31;6;1;0;41;0.442;3443527;16.0
470;10,914;7,878;5,392;3,638;Arthur J. Gallagher;TRUE;0;5;7;TRUE;FALSE;TRUE;FALSE;TRUE;FALSE;5.2;Very Confusing;170;175;417;www.ajg.com;2;193;195;0;0;0;3;3;20;17;0;0;43;0.359;3600839;4.8
471;11,784;12,563;5,387;7,064;"Host Hotels &amp; Resorts";TRUE;0;62;8;FALSE;FALSE;FALSE;FALSE;FALSE;FALSE;-3422.4;Very Confusing;2;2;7;www.hosthotels.com;6;65;71;0;0;0;0;0;0;0;2;0;2;0.845;19481037;19.5
472;10,064;6,952;5,387;3,037;Ashland;TRUE;0;54;0;TRUE;FALSE;TRUE;FALSE;TRUE;TRUE;36.5;Difficult;477;206;1347;www.ashland.com;6;321;327;0;0;14;0;0;0;3;0;0;17;0.075;7242420;7.9
473;2,014;1,063;5,373;686;Insight Enterprises;TRUE;0;18;7;TRUE;FALSE;TRUE;FALSE;TRUE;TRUE;39.9;Difficult;32;28;105;www.insight.com;4;634;638;0;0;4;0;0;6;6;9;0;25;0.303;30763673;25.4
474;23,33;not available;5,37;-25,061;Energy Future Holdings;TRUE;0;8;7;FALSE;FALSE;FALSE;FALSE;FALSE;FALSE;42.8;Difficult;92;88;363;www.energyfutureholdings.com;41;18;59;0;0;2;0;0;3;4;0;0;9;0.162;13220;17.1
475;24,941;12,454;5,37;7,834;Markel;TRUE;0;46;14;FALSE;FALSE;FALSE;FALSE;FALSE;FALSE;47.4;Difficult;126;126;529;www.markelcorp.com;5;149;154;0;0;1;0;0;3;19;1;0;24;0.504;4874576;13.0
476;2,263;1,191;5,363;724;Essendant;TRUE;0;32;10;FALSE;FALSE;FALSE;FALSE;FALSE;FALSE;57.6;Fairly difficult;66;28;189;www.essendant.com;2;25;27;0;0;7;0;0;7;0;0;0;14;0.045;3065800;5.4
477;2,861;not available;5,362;412;CH2M Hill;TRUE;0;14;11;TRUE;TRUE;TRUE;FALSE;TRUE;TRUE;46.8;Difficult;79;108;447;www.ch2m.com;3;67;70;0;0;0;0;0;12;1;0;0;13;0.16;3296982;24.2
478;41,952;not available;5,356;4,81;"Western &amp; Southern Financial Group";TRUE;0;63;12;TRUE;FALSE;FALSE;FALSE;TRUE;TRUE;54.6;Fairly difficult;89;87;465;www.westernsouthern.com;5;54;59;0;0;6;0;0;6;1;0;0;13;0.332;1500711;2.4
479;7,38;5,48;5,35;3,739;Owens Corning;TRUE;0;8;2;TRUE;FALSE;TRUE;FALSE;TRUE;TRUE;32.9;Difficult;172;125;578;www.owenscorning.com;6;111;117;0;0;0;0;0;8;0;4;0;12;0.173;5663374;1.2
480;8,183;26,277;5,313;194;"S&amp;P Global";TRUE;0;31;5;TRUE;FALSE;TRUE;FALSE;TRUE;TRUE;41.9;Difficult;281;107;725;www.spglobal.com;55;41;96;0;0;0;0;0;11;18;0;0;29;0.041;4620423;4.4
481;26,48;6,726;5,308;4,522;Raymond James Financial;TRUE;0;66;9;TRUE;FALSE;TRUE;FALSE;TRUE;FALSE;36.2;Difficult;654;818;2929;www.raymondjames.com;18;720;738;0;0;0;0;0;0;5;2;0;7;0.768;13607941;4.1
482;17,493;7,533;5,308;3,844;NiSource;TRUE;0;11;1;TRUE;FALSE;TRUE;FALSE;TRUE;FALSE;36.7;Difficult;122;132;437;www.nisource.com;11;76;87;0;0;0;0;0;1;6;0;0;7;0.385;4677871;0.6
483;5,974;10,259;5,305;2,152;Airgas;TRUE;0;40;7;FALSE;FALSE;FALSE;FALSE;TRUE;FALSE;65;Standard;140;27;359;www.airgas.com;10;72;82;0;0;9;0;0;7;9;1;0;26;0.162;3284202;1.9
484;2,15;1,812;5,291;1,008;ABM Industries;TRUE;0;2;0;TRUE;FALSE;TRUE;FALSE;FALSE;TRUE;5.5;Very Confusing;641;580;1534;www.abm.com;3;661;664;0;0;0;0;0;12;8;6;0;26;0.895;18118655;9.9
485;138,208;11,058;5,276;19,646;Citizens Financial Group;TRUE;0;1;0;TRUE;FALSE;TRUE;FALSE;TRUE;TRUE;58.8;Fairly difficult;199;208;1059;www.citizensbank.com;16;167;183;0;0;3;0;0;5;7;3;0;18;0.055;7041653;2.0
486;2,878;4,505;5,275;187;Booz Allen Hamilton Holding;TRUE;0;130;26;TRUE;FALSE;TRUE;FALSE;TRUE;FALSE;52;Fairly difficult;232;132;673;www.boozallen.com;0;186;186;0;0;0;0;0;9;3;0;0;12;0.148;269349;3.5
487;30,651;65,384;5,266;4,472;Simon Property Group;TRUE;0;10;9;TRUE;TRUE;FALSE;FALSE;TRUE;TRUE;58;Fairly difficult;106;70;359;www.simon.com;42;93;135;0;0;9;0;0;1;22;0;0;32;0.549;9488475;13.6
488;5,663;2,538;5,264;2,652;Domtar;TRUE;1;0;0;TRUE;FALSE;TRUE;FALSE;TRUE;FALSE;40.3;Difficult;89;73;321;www.domtar.com;2;101;103;0;0;5;0;0;3;5;2;0;15;0.017;2115424;-0.1
489;7,389;12,092;5,262;1,875;Rockwell Collins;TRUE;0;25;0;TRUE;TRUE;TRUE;FALSE;TRUE;TRUE;38.8;Difficult;216;302;1232;www.rockwellcollins.com;7;175;182;0;6;0;0;0;0;5;1;0;12;0.927;12495040;-4.4
490;9,365;13,125;5,259;5,103;Lam Research;TRUE;1;0;0;TRUE;FALSE;TRUE;FALSE;TRUE;TRUE;33.1;Difficult;337;143;651;www.lamresearch.com;8;234;242;0;0;1;0;0;11;12;0;0;24;0.576;11230962;9.1
491;9,34;22,869;5,254;2,66;Fiserv;TRUE;0;5;4;TRUE;FALSE;TRUE;FALSE;TRUE;FALSE;36.5;Difficult;131;124;414;www.fiserv.com;8;127;135;0;0;1;0;0;10;12;0;0;23;0.58;3579239;4.9
492;32,923;20,56;5,234;6,865;Spectra Energy;TRUE;1;0;0;TRUE;FALSE;TRUE;FALSE;TRUE;TRUE;21;Very Confusing;366;452;1312;www.spectraenergy.com;9;342;351;0;0;0;0;0;25;5;4;0;34;0.426;5776323;6.4
493;134,112;4,104;5,197;3,975;Navient;TRUE;0;19;26;FALSE;FALSE;FALSE;FALSE;FALSE;FALSE;42.9;Difficult;54;109;435;www.navient.com;14;83;97;0;0;0;0;0;3;6;0;0;9;0.647;2182966;3.4
494;1,64;2,25;5,191;721;Big Lots;TRUE;0;40;24;TRUE;TRUE;FALSE;TRUE;TRUE;TRUE;65.1;Standard;459;70;1059;www.biglots.com;10;294;304;0;0;1;0;0;39;20;0;0;60;0.061;8738453;3.7
495;9,423;3,276;5,176;4,126;"Telephone &amp; Data Systems";TRUE;0;38;17;TRUE;FALSE;TRUE;FALSE;TRUE;FALSE;47.1;Difficult;129;84;380;www.tdsinc.com;4;99;103;0;0;0;0;0;1;9;1;0;11;0.154;3935876;0.8
496;8,254;4,164;5,176;2,759;First American Financial;TRUE;0;5;1;TRUE;FALSE;TRUE;FALSE;TRUE;TRUE;45.5;Difficult;325;333;1529;www.firstam.com;11;109;120;0;0;0;0;0;21;4;1;0;26;0.617;3154769;11.4
497;2,515;6,724;5,17;1,239;NVR;TRUE;1;0;0;TRUE;TRUE;FALSE;TRUE;TRUE;TRUE;64.5;Standard;47;39;252;www.nvrinc.com;5;29;34;0;0;1;0;0;0;12;0;0;13;0.076;268906;22.8
498;18,888;10,741;5,142;6,427;Cincinnati Financial;TRUE;0;1;0;TRUE;FALSE;FALSE;FALSE;FALSE;FALSE;53.1;Fairly difficult;115;151;669;www.cinfin.com;3;74;77;0;0;0;0;0;7;9;9;0;25;0.041;n/a;6.6
499;2,58;4,053;5,13;-99;Burlington Stores;TRUE;0;2;1;TRUE;TRUE;FALSE;TRUE;TRUE;TRUE;81;Easy;33;10;113;www.burlingtonstores.com;16;149;165;0;0;42;0;0;33;21;0;0;96;0.593;3992395;3.0
