range;Company;Site;Loading times;png;dib;jpg;jpeg;bmp;jpe;gif;tif;tiff;total_images;total_words;unique_words;totallinks;external_links;internal_links;</title>;</html>;</body>;</div>;</span>;Correct_html;facebook;twitter;instagram;pinterest;youtube;loading.time
1;Walmart;www.walmart.com;0,758;51;0;122;142;0;143;19;6;0;483;2390;862;262;46;216;YES;YES;YES;YES;YES;YES;YES;YES;YES;YES;YES;0,758
2;Exxon Mobil;www.exxonmobil.com;6,059;2;0;16;0;0;0;1;4;0;23;1056;277;806;23;783;YES;NO;YES;NO;YES;NO;NO;YES;NO;NO;YES;6,059
3;Apple;www.apple.com;0,119;2;0;0;0;0;0;1;0;0;3;484;267;281;5;276;YES;YES;YES;YES;YES;YES;NO;NO;NO;NO;YES;0,119
4;Berkshire Hathaway;www.berkshirehathaway.com;0;0;0;0;0;0;0;1;0;0;1;185;131;18;0;18;YES;YES;YES;YES;YES;YES;NO;NO;NO;NO;NO;0
5;McKesson;www.mckesson.com;0,645;7;0;6;0;0;0;0;0;0;13;740;338;142;5;137;YES;YES;YES;YES;YES;YES;YES;YES;NO;NO;YES;0,645
6;UnitedHealth Group;www.unitedhealthgroup.com;0,728;0;0;0;0;0;0;0;1;0;1;958;416;137;13;124;YES;YES;YES;YES;YES;YES;YES;YES;NO;NO;NO;0,728
7;CVS Health;www.cvshealth.com;0,207;16;0;1;0;0;1;1;1;0;20;896;368;153;27;126;YES;NO;YES;YES;YES;NO;YES;YES;NO;NO;YES;0,207
8;General Motors;www.gm.com;0,042;92;0;17;0;0;0;0;10;0;119;553;143;220;10;210;YES;YES;YES;YES;YES;YES;YES;YES;NO;NO;YES;0,042
9;Ford Motor;www.ford.com;0,528;6;0;104;0;0;0;1;22;0;133;1460;642;192;10;182;YES;YES;YES;YES;YES;YES;YES;NO;NO;NO;NO;0,528
10;AT&T;www.att.com;0,365;29;1;16;0;0;0;1;29;0;76;1154;325;366;129;237;YES;YES;YES;NO;YES;NO;YES;YES;YES;YES;YES;0,365
11;General Electric;www.ge.com;0,07;1;0;6;0;0;0;0;0;0;7;567;227;129;0;129;YES;NO;YES;YES;YES;NO;YES;YES;YES;YES;YES;0,07
12;AmerisourceBergen;www.amerisourcebergen.com;0;0;0;0;0;0;0;0;0;0;0;6;5;0;0;0;YES;NO;YES;YES;YES;NO;NO;NO;NO;NO;NO;0
13;Verizon;www.verizon.com;0,146;1;0;0;0;0;0;0;5;0;6;315;153;54;0;54;YES;YES;YES;YES;YES;YES;NO;NO;NO;NO;NO;0,146
14;Chevron;www.chevron.com;0,869;13;0;9;0;0;0;4;0;0;26;618;235;296;6;290;YES;YES;YES;YES;YES;YES;YES;YES;NO;NO;YES;0,869
15;Costco;www.costco.com;2,145;48;0;26;0;0;0;4;37;0;115;1996;837;272;23;249;YES;YES;YES;NO;YES;NO;YES;NO;NO;YES;NO;2,145
17;Kroger;www.thekrogerco.com;0,329;31;0;9;0;0;0;1;3;0;44;584;374;105;10;95;YES;YES;YES;YES;YES;YES;YES;YES;NO;YES;YES;0,329
18;Amazon.com;www.amazon.com;0;45;12;16;0;0;0;9;30;0;112;1864;767;176;9;167;YES;YES;YES;NO;YES;NO;NO;YES;NO;NO;NO;0
19;Walgreens Boots Alliance;www.walgreensbootsalliance.com;0,56;0;0;7;0;0;0;0;2;0;9;561;180;115;0;115;YES;YES;YES;YES;YES;YES;NO;YES;NO;NO;NO;0,56
20;HP;www.hp.com;0,212;0;0;14;0;0;0;0;9;0;23;433;174;178;0;178;YES;YES;YES;YES;YES;YES;NO;NO;NO;NO;YES;0,212
21;Cardinal Health;www.cardinal.com;0,134;17;0;6;0;0;0;1;4;0;28;835;391;251;5;246;YES;YES;YES;YES;YES;YES;YES;YES;NO;NO;YES;0,134
22;Express Scripts Holding;www.express-scripts.com;0,309;0;0;0;0;0;0;0;0;0;0;359;183;42;15;27;YES;YES;YES;YES;YES;YES;NO;NO;NO;NO;NO;0,309
23;J.P. Morgan Chase;www.jpmorganchase.com;0,295;31;0;24;0;0;0;1;5;0;61;1000;451;270;36;234;YES;NO;YES;YES;YES;NO;YES;YES;NO;NO;YES;0,295
24;Boeing;www.boeing.com;0,549;0;0;115;0;0;0;0;0;0;115;715;267;170;6;164;YES;NO;YES;YES;YES;NO;YES;YES;NO;NO;YES;0,549
25;Microsoft;www.microsoft.com;0,145;1;0;15;0;0;0;0;0;0;16;486;201;110;34;76;YES;YES;YES;YES;YES;YES;YES;YES;NO;NO;NO;0,145
26;Bank of America Corp.;www.bankofamerica.com;0,609;2;0;5;0;0;0;32;2;0;41;1101;479;126;39;87;YES;YES;YES;YES;YES;YES;NO;NO;NO;NO;NO;0,609
27;Wells Fargo;www.wellsfargo.com;0,613;16;0;11;0;0;0;7;1;0;35;1249;615;216;27;189;YES;NO;YES;YES;YES;NO;YES;YES;YES;YES;YES;0,613
28;Home Depot;www.homedepot.com;0,085;0;0;8;0;0;0;6;1;0;15;670;242;132;14;118;YES;NO;YES;YES;YES;NO;YES;YES;NO;YES;YES;0,085
29;Citigroup;www.citigroup.com;0,001;0;0;0;0;0;0;0;0;0;0;117;71;4;0;4;YES;YES;NO;YES;YES;NO;NO;NO;NO;NO;NO;0,001
30;Phillips 66;www.phillips66.com;1,77;25;0;12;0;0;0;4;0;0;41;659;349;81;1;80;YES;YES;YES;YES;NO;NO;YES;YES;YES;NO;YES;1,77
31;IBM;www.ibm.com;0,014;16;0;9;0;0;0;0;0;0;25;499;284;44;9;35;YES;YES;YES;YES;YES;YES;YES;YES;NO;NO;YES;0,014
32;Valero Energy;www.valero.com;0,426;14;0;8;0;0;0;2;0;0;24;725;384;124;2;122;YES;YES;YES;YES;YES;YES;NO;NO;NO;NO;NO;0,426
33;Anthem;www.antheminc.com;1,183;13;0;8;0;0;0;3;0;0;24;428;253;75;7;68;YES;YES;YES;YES;YES;YES;NO;YES;NO;NO;YES;1,183
34;Procter & Gamble;www.pg.com;0,314;0;0;0;0;0;0;0;0;0;0;150;60;0;0;0;YES;YES;YES;YES;YES;YES;NO;NO;NO;NO;NO;0,314
35;State Farm Insurance Cos.;www.statefarm.com;0,394;4;0;10;0;0;0;0;2;0;16;849;422;176;157;19;YES;NO;YES;YES;YES;NO;YES;YES;NO;NO;YES;0,394
36;Alphabet;www.google.com;0,21;14;0;0;0;23;0;0;0;0;37;416;138;44;10;34;YES;YES;YES;YES;YES;YES;NO;NO;NO;NO;YES;0,21
37;Comcast;www.comcastcorporation.com;0,036;10;0;3;0;0;0;0;0;0;13;680;392;173;1;172;YES;NO;YES;YES;YES;NO;YES;YES;NO;NO;YES;0,036
38;Target;www.target.com;0,379;12;0;0;0;0;0;6;1;0;19;796;363;29;6;23;YES;YES;NO;YES;YES;NO;NO;NO;NO;NO;NO;0,379
39;Johnson & Johnson;www.jnj.com;0,044;17;0;14;0;0;1;3;0;0;35;777;350;110;0;110;YES;NO;YES;YES;YES;NO;YES;YES;NO;NO;YES;0,044
40;MetLife;www.metlife.com;0,046;1;0;3;0;0;0;10;26;0;40;439;205;38;0;38;YES;YES;YES;NO;YES;NO;NO;NO;NO;NO;NO;0,046
41;Archer Daniels Midland;www.adm.com;0,104;0;0;5;0;0;0;1;5;0;11;629;357;89;0;89;YES;YES;YES;YES;YES;YES;NO;NO;NO;NO;NO;0,104
42;Marathon Petroleum;www.marathonpetroleum.com;0,324;10;0;3;0;0;0;8;1;0;22;384;178;129;15;114;YES;YES;YES;YES;YES;YES;YES;YES;YES;NO;YES;0,324
43;Freddie Mac;www.freddiemac.com;0,166;9;0;3;0;0;0;1;27;0;40;664;292;101;8;93;YES;YES;YES;YES;NO;NO;YES;YES;NO;NO;YES;0,166
44;PepsiCo;www.pepsico.com;0,155;32;0;36;2;0;2;2;0;0;74;913;306;298;10;288;YES;NO;YES;NO;YES;NO;YES;YES;YES;YES;YES;0,155
45;United Technologies;www.utc.com;0,856;18;0;109;5;0;5;1;1;0;139;908;361;231;7;224;YES;YES;NO;NO;YES;NO;YES;YES;YES;NO;YES;0,856
46;Aetna;www.aetna.com;1,329;30;0;12;0;0;0;3;10;0;55;903;253;279;57;222;YES;YES;YES;YES;YES;YES;YES;YES;NO;NO;YES;1,329
47;Lowe’s;www.lowes.com;0,722;3;0;0;0;0;0;1;0;0;4;965;406;121;10;111;YES;YES;YES;YES;YES;YES;YES;YES;YES;YES;YES;0,722
48;UPS;www.ups.com;0,04;0;0;0;0;0;0;12;0;0;12;486;308;6;0;6;YES;NO;NO;YES;YES;NO;NO;NO;NO;NO;NO;0,04
49;AIG;www.aig.com;0,473;3;0;31;0;0;0;0;6;0;40;649;344;107;14;93;YES;YES;YES;YES;YES;YES;YES;YES;NO;NO;YES;0,473
50;Prudential Financial;www.prudential.com;10,229;13;0;9;0;0;0;13;3;0;38;1021;394;218;13;205;YES;NO;YES;NO;YES;NO;NO;NO;NO;NO;NO;10,229
51;Intel;www.intel.com;0,123;1;0;0;0;0;0;0;0;0;1;402;239;98;0;98;YES;YES;YES;YES;YES;YES;NO;NO;NO;NO;NO;0,123
52;Humana;www.humana.com;0,616;20;0;8;0;0;0;0;1;0;29;978;396;246;14;232;YES;NO;YES;YES;YES;NO;YES;YES;YES;YES;YES;0,616
53;Disney;www.disney.com;5,678;174;0;0;1976;0;1976;305;12;0;4443;2449;228;851;156;695;YES;NO;YES;YES;YES;NO;YES;YES;YES;YES;YES;5,678
54;Cisco Systems;www.cisco.com;0,379;0;0;20;1;0;1;1;7;0;30;912;365;338;19;319;YES;NO;YES;NO;YES;NO;YES;YES;NO;NO;NO;0,379
55;Pfizer;www.pfizer.com;0,483;7;0;11;0;0;0;4;3;0;25;1292;657;323;3;320;YES;YES;YES;NO;YES;NO;YES;YES;NO;NO;YES;0,483
56;Dow Chemical;www.dow.com;1,097;2;0;0;0;0;0;0;6;0;8;754;323;161;1;160;YES;YES;YES;YES;YES;YES;YES;YES;NO;NO;YES;1,097
57;Sysco;www.sysco.com;4,897;3;0;3;0;0;0;0;1;0;7;461;241;55;0;55;YES;YES;YES;NO;YES;NO;YES;YES;NO;NO;NO;4,897
58;FedEx;www.fedex.com;1,366;1;0;0;0;0;0;3;9;0;13;549;114;286;0;286;YES;YES;YES;YES;YES;YES;NO;NO;NO;NO;NO;1,366
59;Caterpillar;www.caterpillar.com;3,072;0;0;0;0;0;0;1;22;0;23;645;240;160;1;159;YES;YES;YES;NO;YES;NO;NO;NO;NO;NO;NO;3,072
60;Lockheed Martin;www.lockheedmartin.com;2,371;12;0;13;0;0;0;1;3;0;29;545;341;114;4;110;YES;YES;YES;YES;YES;YES;YES;YES;YES;NO;YES;2,371
61;New York Life Insurance;www.newyorklife.com;7,817;4;0;11;0;0;0;3;10;0;28;1051;445;140;12;128;YES;YES;YES;NO;YES;NO;YES;YES;NO;NO;YES;7,817
62;Coca-Cola;www.coca-colacompany.com;2,527;164;0;245;25;0;25;0;6;0;465;1475;528;355;5;350;YES;NO;YES;NO;YES;NO;YES;YES;YES;NO;YES;2,527
63;HCA Holdings;www.hcahealthcare.com;6,189;3;0;18;0;0;0;0;31;0;52;1092;445;257;3;254;YES;YES;YES;YES;YES;YES;YES;YES;NO;NO;YES;6,189
64;Ingram Micro;www.ingrammicro.com;2,824;0;0;1;0;0;0;1;0;0;2;207;107;5;1;4;YES;YES;YES;YES;YES;YES;NO;YES;NO;NO;NO;2,824
65;Energy Transfer Equity;www.energytransfer.com;1,343;5;0;11;0;0;0;26;2;0;44;454;219;141;1;140;YES;YES;YES;NO;YES;NO;NO;NO;NO;NO;NO;1,343
66;Tyson Foods;www.tysonfoods.com;3,012;3;0;1;0;0;0;0;0;0;4;580;349;121;6;115;YES;YES;YES;YES;YES;YES;YES;YES;YES;YES;YES;3,012
67;American Airlines Group;www.aa.com;0,128;10;0;8;0;0;0;6;9;0;33;823;390;80;4;76;YES;NO;YES;YES;YES;NO;YES;YES;NO;NO;YES;0,128
68;Delta Air Lines;www.delta.com;1,091;44;0;7;0;0;0;18;10;0;79;1370;585;219;8;211;YES;NO;YES;NO;YES;NO;YES;YES;NO;NO;NO;1,091
69;Nationwide;www.nationwide.com;1,204;1;0;35;0;0;0;15;6;0;57;897;396;183;17;166;YES;NO;YES;YES;YES;NO;YES;YES;NO;NO;YES;1,204
70;Johnson Controls;www.johnsoncontrols.com;0,516;8;0;9;0;0;0;0;1;0;18;1090;526;167;16;151;YES;NO;YES;YES;YES;NO;YES;YES;NO;NO;YES;0,516
71;Best Buy;www.bestbuy.com;0,005;0;0;0;0;0;0;1;0;0;1;158;88;3;0;3;YES;YES;YES;YES;YES;YES;NO;NO;NO;NO;NO;0,005
72;Merck;www.merck.com;1,693;19;0;10;0;0;0;3;29;0;61;1558;368;605;6;599;YES;NO;YES;YES;YES;NO;YES;YES;YES;NO;NO;1,693
73;Liberty Mutual Insurance Group;www.libertymutual.com;1,253;0;0;11;0;0;0;1;1;0;13;592;267;169;45;124;YES;YES;YES;YES;YES;YES;YES;YES;NO;NO;YES;1,253
74;Goldman Sachs Group;www.gs.com;0,359;10;0;15;0;0;0;1;1;0;27;458;247;71;8;63;YES;NO;YES;YES;YES;NO;NO;YES;NO;NO;YES;0,359
75;Honeywell International;www.honeywell.com;2,729;37;0;110;0;0;0;5;1;0;153;695;340;170;23;147;YES;YES;NO;YES;NO;NO;YES;YES;NO;NO;YES;2,729
76;Massachusetts Mutual Life Insurance;www.massmutual.com;1,068;121;0;45;0;0;0;3;26;0;195;795;381;124;4;120;YES;NO;YES;NO;NO;NO;YES;YES;NO;YES;YES;1,068
77;Oracle;www.oracle.com;0,516;2;0;72;0;0;0;0;2;0;76;837;444;151;100;51;YES;YES;YES;NO;YES;NO;YES;YES;NO;NO;YES;0,516
78;Morgan Stanley;www.morganstanley.com;0,338;23;0;121;0;0;0;0;3;0;147;755;325;108;5;103;YES;YES;NO;YES;YES;NO;YES;YES;YES;NO;YES;0,338
79;Cigna;www.cigna.com;1,8;8;0;5;0;0;0;2;10;0;25;1079;395;345;21;324;YES;NO;YES;YES;YES;NO;YES;YES;YES;YES;YES;1,8
80;United Continental Holdings;www.unitedcontinentalholdings.com;2,321;11;0;17;1;0;1;3;0;0;33;482;238;98;1;97;YES;YES;YES;NO;YES;NO;YES;YES;YES;NO;YES;2,321
81;Allstate;www.allstate.com;1,909;39;0;20;0;0;0;35;59;0;153;973;354;291;45;246;YES;YES;YES;YES;YES;YES;YES;YES;YES;YES;YES;1,909
82;TIAA;www.tiaa.org;1,074;11;0;41;0;0;0;0;3;0;55;1049;393;306;74;232;YES;YES;YES;YES;YES;YES;YES;YES;NO;NO;YES;1,074
83;INTL FCStone;www.intlfcstone.com;2,552;2;0;7;0;0;0;0;6;0;15;827;344;274;13;261;YES;NO;YES;YES;YES;NO;NO;YES;NO;NO;YES;2,552
84;CHS;www.chsinc.com;2,883;1;0;0;0;0;0;1;1;0;3;1090;690;246;12;234;YES;NO;YES;YES;NO;NO;NO;YES;NO;NO;YES;2,883
85;American Express;www.americanexpress.com;1,194;1;0;1;0;0;0;26;2;0;30;804;340;376;139;237;YES;YES;NO;NO;NO;NO;YES;YES;NO;NO;YES;1,194
86;Gilead Sciences;www.gilead.com;1,753;10;0;3;0;0;0;0;4;0;17;691;334;149;7;142;YES;YES;YES;YES;YES;YES;NO;NO;NO;NO;NO;1,753
88;General Dynamics;www.generaldynamics.com;1,639;24;0;70;0;0;1;1;1;0;97;651;303;64;0;64;YES;NO;YES;YES;YES;NO;YES;NO;NO;NO;NO;1,639
89;TJX;www.tjx.com;2,794;1;0;22;0;0;0;0;4;0;27;549;206;290;7;283;YES;NO;YES;YES;YES;NO;YES;YES;YES;NO;NO;2,794
90;ConocoPhillips;www.conocophillips.com;1,213;5;0;5;0;2;0;1;2;0;15;1285;656;139;7;132;YES;YES;YES;YES;YES;YES;YES;YES;NO;NO;YES;1,213
91;Nike;www.nike.com;2,199;70;0;0;0;0;0;0;0;0;70;465;193;101;0;101;YES;YES;YES;YES;YES;YES;NO;NO;NO;NO;NO;2,199
92;World Fuel Services;www.wfscorp.com;2,223;8;0;9;0;0;1;1;0;0;19;699;315;104;5;99;YES;YES;YES;YES;YES;YES;NO;NO;NO;NO;NO;2,223
93;3M;www.3m.com;1,335;15;0;6;0;0;0;0;0;0;21;484;254;155;3;152;YES;YES;YES;YES;YES;YES;YES;YES;YES;NO;YES;1,335
94;Mondelez International;www.mondelezinternational.com;13,856;40;0;392;0;1;0;0;318;0;751;2079;670;779;587;192;YES;YES;YES;NO;YES;NO;YES;YES;YES;NO;YES;13,856
95;Exelon;www.exeloncorp.com;4,059;34;0;8;0;0;0;1;1;0;44;997;327;378;3;375;YES;YES;YES;YES;NO;NO;YES;YES;NO;NO;NO;4,059
96;Twenty-First Century Fox;www.21cf.com;0,891;23;0;9;0;0;1;1;0;0;34;538;192;116;24;92;YES;YES;YES;YES;YES;YES;YES;YES;NO;NO;YES;0,891
97;Deere;www.johndeere.com;1,443;2;0;17;0;0;0;12;4;0;35;753;267;138;10;128;YES;YES;YES;YES;YES;YES;YES;YES;YES;NO;YES;1,443
99;Time Warner;www.timewarner.com;1,549;59;0;17;0;0;1;1;0;0;78;509;252;52;0;52;YES;NO;YES;NO;YES;NO;YES;YES;YES;NO;YES;1,549
100;Northwestern Mutual;www.northwesternmutual.com;1,781;13;0;1;0;0;0;1;2;0;17;858;446;128;26;102;YES;NO;YES;YES;YES;NO;YES;YES;YES;YES;YES;1,781
101;DuPont;www.dupont.com;2,182;31;0;12;0;0;0;4;2;0;49;1046;482;113;2;111;YES;YES;YES;YES;YES;YES;YES;YES;NO;NO;YES;2,182
102;Avnet;www.avnet.com;3,964;45;0;14;0;0;0;1;4;0;64;922;459;142;16;126;YES;YES;YES;YES;YES;YES;YES;YES;NO;NO;YES;3,964
103;Macy’s;www.macysinc.com;1,298;0;0;8;0;0;0;0;0;0;8;386;210;76;0;76;YES;YES;YES;YES;YES;YES;NO;NO;NO;NO;NO;1,298
104;Enterprise Products Partners;www.enterpriseproducts.com;4,038;15;0;5;0;0;0;2;21;0;43;1164;632;130;2;128;YES;YES;YES;YES;YES;YES;YES;YES;NO;NO;NO;4,038
105;Travelers Cos.;www.travelers.com;0,273;6;0;9;0;0;0;0;1;0;16;775;342;188;5;183;YES;YES;YES;NO;YES;NO;YES;YES;NO;NO;YES;0,273
106;Philip Morris International;www.pmi.com;0,576;9;0;32;0;0;0;5;8;0;54;1069;380;285;10;275;YES;YES;YES;NO;YES;NO;YES;YES;NO;NO;YES;0,576
107;Rite Aid;www.riteaid.com;0,526;14;0;6;1;0;1;1;0;0;23;854;291;182;38;144;YES;YES;YES;YES;YES;YES;YES;YES;NO;NO;YES;0,526
108;Tech Data;www.techdata.com;0,036;15;0;9;0;0;0;0;1;0;25;571;315;34;3;31;YES;YES;YES;YES;YES;YES;NO;NO;NO;NO;YES;0,036
109;McDonald’s;www.aboutmcdonalds.com;0,346;35;0;12;0;0;0;0;16;0;63;555;257;95;1;94;YES;YES;YES;YES;YES;YES;YES;YES;NO;YES;YES;0,346
110;Qualcomm;www.qualcomm.com;0,013;12;0;2;0;0;0;0;0;0;14;460;222;133;44;89;YES;NO;YES;YES;YES;NO;YES;NO;NO;NO;NO;0,013
111;Sears Holdings;www.searsholdings.com;0,703;11;0;9;0;0;0;0;0;0;20;436;231;114;5;109;YES;NO;YES;YES;YES;NO;YES;YES;NO;NO;YES;0,703
112;Capital One Financial;www.capitalone.com;2,322;18;0;5;1;0;1;2;2;0;29;884;319;262;155;107;YES;NO;YES;YES;YES;NO;YES;YES;YES;NO;YES;2,322
113;EMC;www.emc.com;1,478;7;0;31;0;0;0;0;5;0;43;759;382;203;44;159;YES;NO;YES;YES;YES;NO;YES;NO;NO;NO;NO;1,478
114;USAA;www.usaa.com;0,002;1;0;0;0;0;0;0;0;0;1;179;119;1;0;1;YES;YES;YES;YES;YES;YES;NO;NO;NO;NO;NO;0,002
115;Duke Energy;www.duke-energy.com;0,541;1;0;3;0;0;0;5;8;0;17;487;228;92;2;90;YES;NO;YES;YES;YES;NO;NO;NO;NO;NO;NO;0,541
116;Time Warner Cable;www.twc.com;0,884;5;1;0;0;0;0;0;0;0;6;697;258;67;1;66;YES;NO;YES;NO;YES;NO;YES;YES;YES;NO;YES;0,884
117;Halliburton;www.halliburton.com;0,991;42;0;1;0;0;0;7;22;0;72;779;367;175;6;169;YES;YES;YES;YES;YES;YES;YES;YES;NO;NO;YES;0,991
118;Northrop Grumman;www.northropgrumman.com;0,08;4;0;0;0;0;0;1;2;0;7;424;230;29;0;29;YES;YES;YES;YES;YES;YES;YES;YES;NO;NO;YES;0,08
119;Arrow Electronics;www.arrow.com;1,139;25;0;45;0;0;0;0;1;0;71;1289;369;458;28;430;YES;NO;YES;NO;YES;NO;YES;YES;NO;YES;YES;1,139
120;Raytheon;www.raytheon.com;0,246;6;0;21;0;0;0;3;2;0;32;596;284;135;2;133;YES;NO;YES;YES;YES;NO;YES;YES;YES;NO;YES;0,246
121;Plains GP Holdings;www.plainsallamerican.com;0,496;0;0;13;0;0;0;0;4;0;17;592;216;146;1;145;YES;YES;YES;YES;YES;YES;NO;NO;NO;NO;NO;0,496
122;US Foods Holding;www.usfoods.com;0,002;0;0;0;0;0;0;0;0;0;0;38;24;2;0;2;YES;YES;YES;YES;YES;YES;NO;NO;NO;NO;NO;0,002
123;AbbVie;www.abbvie.com;0,181;20;0;6;0;0;0;0;1;0;27;703;401;133;9;124;YES;YES;YES;YES;YES;YES;YES;YES;NO;NO;YES;0,181
124;Centene;www.centene.com;0,182;9;0;5;0;0;0;0;0;0;14;460;248;45;1;44;YES;NO;YES;NO;YES;NO;YES;YES;NO;NO;YES;0,182
125;Community Health Systems;www.chs.net;0,336;2;0;7;0;0;0;0;1;0;10;397;180;81;0;81;YES;NO;YES;YES;YES;NO;NO;NO;NO;NO;YES;0,336
126;Alcoa;www.alcoa.com;0,358;2;0;34;0;0;0;81;4;0;121;616;281;122;2;120;YES;YES;YES;NO;YES;NO;YES;YES;NO;NO;YES;0,358
127;International Paper;www.internationalpaper.com;0,381;23;0;10;0;0;0;0;4;0;37;935;479;183;3;180;YES;NO;YES;YES;YES;NO;YES;YES;NO;NO;YES;0,381
128;Emerson Electric;www.emerson.com;0,372;6;0;6;0;0;0;1;2;0;15;967;367;491;2;489;YES;YES;YES;NO;YES;NO;YES;YES;NO;NO;YES;0,372
129;Union Pacific;www.up.com;0,198;4;0;7;0;0;0;0;1;0;12;551;260;137;7;130;YES;YES;YES;YES;YES;YES;YES;YES;YES;NO;YES;0,198
130;Amgen;www.amgen.com;1,141;1;0;0;0;0;0;0;0;0;1;877;388;315;8;307;YES;NO;YES;YES;YES;NO;NO;YES;NO;NO;YES;1,141
131;U.S. Bancorp;www.usbank.com;0,127;12;0;12;0;0;0;4;18;0;46;710;297;158;19;139;YES;YES;NO;YES;YES;NO;NO;YES;NO;NO;NO;0,127
132;Staples;www.staples.com;0,183;3;0;18;0;0;0;17;5;0;43;1334;317;724;7;717;YES;YES;NO;YES;YES;NO;YES;YES;NO;NO;YES;0,183
133;Danaher;www.danaher.com;0,182;5;0;29;0;0;0;0;0;0;34;433;225;97;0;97;YES;NO;YES;YES;YES;NO;NO;NO;NO;NO;NO;0,182
134;Whirlpool;www.whirlpoolcorp.com;0,333;12;0;16;0;0;0;1;0;0;29;724;394;102;10;92;YES;NO;YES;NO;YES;NO;NO;YES;NO;NO;YES;0,333
135;Aflac;www.aflac.com;0,071;15;0;4;0;0;0;0;4;0;23;405;196;43;8;35;YES;NO;YES;YES;YES;NO;YES;YES;YES;NO;YES;0,071
137;Progressive;www.progressive.com;0,029;4;0;0;0;0;0;3;2;0;9;767;354;210;103;107;YES;NO;YES;YES;YES;NO;YES;YES;NO;NO;YES;0,029
138;Abbott Laboratories;www.abbott.com;0,162;16;0;129;0;0;0;2;21;0;168;1049;612;65;5;60;YES;NO;YES;YES;YES;NO;YES;YES;YES;NO;YES;0,162
139;Dollar General;www.dollargeneral.com;1,204;4;0;42;0;0;0;0;7;0;53;845;339;373;6;367;YES;NO;NO;YES;YES;NO;YES;YES;NO;YES;YES;1,204
141;Eli Lilly;www.lilly.com;0,012;9;1;19;0;0;0;4;0;0;33;636;343;139;14;125;YES;NO;YES;YES;YES;NO;NO;NO;NO;NO;YES;0,012
143;Penske Automotive Group;www.penskeautomotive.com;0,241;54;0;12;0;0;0;2;0;0;68;503;275;127;1;126;YES;YES;YES;YES;YES;YES;YES;YES;NO;NO;YES;0,241
144;ManpowerGroup;www.manpowergroup.com;0,318;8;0;5;0;0;0;0;0;0;13;580;365;35;4;31;YES;YES;YES;YES;YES;YES;NO;YES;NO;NO;YES;0,318
145;Kohl’s;www.kohlscorporation.com;0,052;2;2;31;0;0;0;9;0;0;44;611;322;120;11;109;YES;YES;YES;YES;YES;YES;YES;YES;YES;YES;YES;0,052
146;Starbucks;www.starbucks.com;0,167;12;0;16;1;0;1;26;2;0;58;1230;561;375;26;349;YES;NO;YES;YES;YES;NO;YES;YES;YES;YES;YES;0,167
147;Paccar;www.paccar.com;0,42;14;0;13;0;0;0;1;0;0;28;512;171;169;0;169;YES;YES;YES;NO;YES;NO;NO;NO;NO;NO;NO;0,42
148;Cummins;www.cummins.com;0,125;4;0;0;0;0;1;1;0;0;6;864;470;213;10;203;YES;YES;YES;YES;YES;YES;YES;YES;YES;NO;YES;0,125
149;Altria Group;www.altria.com;0,088;17;0;8;0;0;0;1;6;0;32;1136;501;251;1;250;YES;YES;YES;NO;YES;NO;YES;YES;NO;NO;YES;0,088
150;Xerox;www.xerox.com;0,108;5;0;67;0;0;0;1;7;0;80;1179;433;185;127;58;YES;YES;YES;YES;YES;YES;YES;YES;NO;NO;YES;0,108
151;Kimberly-Clark;www.kimberly-clark.com;0,065;7;0;16;0;0;0;3;4;0;30;423;233;56;4;52;YES;YES;YES;YES;YES;YES;YES;YES;NO;NO;YES;0,065
152;Hartford Financial Services Group;www.thehartford.com;0,042;14;0;7;0;0;0;0;0;0;21;642;230;123;59;64;YES;NO;YES;YES;YES;NO;YES;YES;NO;NO;YES;0,042
153;Kraft Heinz;www.kraftheinzcompany.com;0,203;7;0;6;0;0;0;0;0;0;13;326;190;61;3;58;YES;YES;YES;YES;YES;YES;NO;YES;NO;NO;NO;0,203
154;Lear;www.lear.com;1,147;16;0;6;0;0;0;0;1;0;23;691;275;407;5;402;YES;NO;YES;YES;YES;NO;YES;YES;YES;NO;YES;1,147
155;Fluor;www.fluor.com;0,323;18;0;74;0;0;0;9;3;0;104;655;266;153;2;151;YES;YES;YES;YES;YES;YES;NO;YES;NO;NO;YES;0,323
156;AECOM;www.aecom.com;0,265;55;0;72;0;0;0;0;0;0;127;702;368;125;7;118;YES;YES;YES;NO;YES;NO;YES;YES;YES;YES;YES;0,265
157;Facebook;www.facebook.com;0,228;19;0;0;0;0;0;17;0;0;36;740;367;119;52;67;YES;YES;YES;YES;YES;YES;YES;NO;NO;NO;NO;0,228
158;Jabil Circuit;www.jabil.com;0,369;3;0;6;0;0;0;0;3;0;12;674;339;116;4;112;YES;YES;YES;YES;YES;YES;YES;YES;NO;NO;YES;0,369
159;CenturyLink;www.centurylink.com;1,247;41;0;0;0;0;0;2;40;0;83;1328;474;227;21;206;YES;YES;YES;NO;NO;NO;YES;YES;NO;NO;YES;1,247
160;Supervalu;www.supervalu.com;0,373;25;2;13;0;0;0;0;0;0;40;362;181;65;1;64;YES;YES;YES;YES;YES;YES;NO;YES;NO;NO;NO;0,373
161;General Mills;www.generalmills.com;0,827;3;0;6;0;0;0;0;0;0;9;675;299;188;10;178;YES;NO;YES;YES;YES;NO;NO;YES;YES;NO;YES;0,827
163;NextEra Energy;www.nexteraenergy.com;0,192;0;0;3;0;0;0;4;3;0;10;285;148;24;0;24;YES;YES;YES;YES;YES;YES;YES;YES;NO;NO;NO;0,192
164;Thermo Fisher Scientific;www.thermofisher.com;0,49;29;0;28;0;0;0;1;38;0;96;1206;406;243;30;213;YES;YES;YES;YES;YES;YES;NO;NO;NO;NO;YES;0,49
166;PG&E Corp.;www.pge.com;0;0;0;0;0;0;0;0;0;0;0;20;13;0;0;0;YES;YES;YES;YES;YES;YES;NO;NO;NO;NO;NO;0
167;NGL Energy Partners;www.nglenergypartners.com;0,158;8;0;6;0;0;0;2;0;0;16;421;234;67;1;66;YES;YES;YES;YES;YES;YES;NO;NO;NO;NO;NO;0,158
168;Bristol-Myers Squibb;www.bms.com;0,546;6;0;17;0;0;0;0;0;0;23;692;371;178;4;174;YES;YES;YES;NO;YES;NO;YES;YES;NO;NO;YES;0,546
169;Goodyear Tire & Rubber;www.goodyear.com;0,12;1;0;0;0;0;0;0;0;0;1;395;124;491;1;490;YES;YES;YES;YES;YES;YES;NO;NO;NO;NO;NO;0,12
170;Nucor;www.nucor.com;0,535;0;0;1;0;0;0;0;2;0;3;594;382;61;0;61;YES;NO;YES;YES;YES;NO;NO;NO;NO;NO;NO;0,535
171;PNC Financial Services Group;www.pnc.com;0,128;3;0;11;0;0;0;11;5;0;30;1059;531;324;26;298;YES;NO;YES;YES;NO;NO;YES;YES;NO;YES;YES;0,128
172;Health Net;www.healthnet.com;0,402;3;0;9;0;0;0;7;0;0;19;805;355;211;5;206;YES;YES;YES;NO;YES;NO;YES;YES;NO;NO;YES;0,402
173;Micron Technology;www.micron.com;0,575;41;0;13;1;0;1;1;1;0;58;885;408;241;21;220;YES;NO;YES;YES;YES;NO;NO;NO;NO;NO;YES;0,575
174;Colgate-Palmolive;www.colgatepalmolive.com;0,023;12;0;11;0;0;0;0;1;0;24;489;208;105;1;104;YES;NO;YES;YES;YES;NO;YES;YES;NO;NO;YES;0,023
175;Freeport-McMoRan;www.fcx.com;0,022;1;0;10;0;0;0;25;0;0;36;454;225;86;1;85;YES;YES;YES;NO;YES;NO;NO;NO;NO;NO;NO;0,022
176;ConAgra Foods;www.conagrafoods.com;0,606;50;0;46;0;0;0;0;2;0;98;1017;232;239;9;230;YES;NO;YES;YES;YES;NO;YES;YES;YES;YES;YES;0,606
177;Gap;www.gapinc.com;0,445;4;0;11;0;0;0;1;1;0;17;449;275;68;6;62;YES;YES;YES;YES;YES;YES;YES;YES;YES;NO;YES;0,445
178;Baker Hughes;www.bakerhughes.com;0,349;7;0;17;0;0;0;0;5;1;30;1113;631;297;4;293;YES;YES;YES;YES;YES;YES;YES;YES;NO;NO;YES;0,349
179;Bank of New York Mellon Corp.;www.bnymellon.com;0,212;23;0;11;0;0;0;0;0;0;34;671;328;147;6;141;YES;NO;YES;YES;YES;NO;YES;YES;NO;NO;YES;0,212
180;Dollar Tree;www.dollartree.com;0,173;21;0;48;0;0;0;11;1;0;81;1318;521;502;11;491;YES;YES;YES;YES;YES;YES;YES;YES;NO;YES;NO;0,173
181;Whole Foods Market;www.wholefoodsmarket.com;0,412;8;0;262;0;0;0;10;19;2;301;3161;1529;275;9;266;YES;NO;YES;YES;YES;NO;YES;YES;YES;YES;YES;0,412
182;PPG Industries;www.ppg.com;0,409;1;0;4;0;0;0;0;9;0;14;812;423;135;8;127;YES;YES;YES;YES;YES;YES;YES;YES;NO;NO;YES;0,409
183;Genuine Parts;www.genpt.com;0,181;11;0;9;0;0;0;1;0;0;21;176;80;33;2;31;YES;YES;YES;YES;YES;YES;YES;YES;NO;NO;NO;0,181
184;Icahn Enterprises;www.ielp.com;0,156;0;0;1;0;0;0;15;1;0;17;311;127;41;1;40;YES;YES;YES;YES;YES;YES;YES;YES;NO;NO;NO;0,156
185;Performance Food Group;www.pfgc.com;1,137;6;0;19;0;0;0;0;0;0;25;702;402;74;5;69;YES;NO;YES;YES;YES;NO;YES;NO;NO;NO;YES;1,137
186;Omnicom Group;www.omnicomgroup.com;0,604;0;0;16;0;0;0;0;1;0;17;373;206;49;4;45;YES;NO;YES;YES;YES;NO;YES;YES;YES;NO;NO;0,604
187;DISH Network;www.dish.com;0,442;44;0;0;0;0;0;2;24;0;70;1116;434;265;9;256;YES;NO;NO;YES;NO;NO;YES;YES;YES;NO;NO;0,442
188;FirstEnergy;www.firstenergycorp.com;0,617;12;0;14;0;0;0;0;8;0;34;528;267;181;4;177;YES;YES;YES;YES;YES;YES;YES;YES;NO;NO;YES;0,617
189;Monsanto;www.monsanto.com;1,391;67;0;15;0;0;0;2;0;0;84;895;429;207;2;205;YES;YES;YES;YES;YES;YES;YES;YES;NO;YES;YES;1,391
190;AES;www.aes.com;0,601;3;0;20;1;0;1;3;2;0;30;761;324;219;3;216;YES;YES;YES;YES;YES;YES;NO;YES;NO;NO;YES;0,601
191;CarMax;www.carmax.com;0,33;10;0;6;0;0;0;0;2;0;18;968;404;285;3;282;YES;YES;YES;YES;YES;YES;YES;YES;NO;NO;NO;0,33
192;National Oilwell Varco;www.nov.com;1,131;49;0;59;0;0;0;0;7;0;115;1330;207;98;11;87;YES;YES;YES;NO;YES;NO;YES;YES;YES;NO;YES;1,131
193;NRG Energy;www.nrgenergy.com;0,198;5;0;7;0;0;0;0;0;0;12;522;294;84;5;79;YES;NO;YES;YES;YES;NO;YES;YES;YES;NO;YES;0,198
194;Western Digital;www.westerndigital.com;0,028;5;0;12;0;0;0;0;0;0;17;520;229;194;3;191;YES;NO;YES;YES;YES;NO;YES;YES;YES;NO;YES;0,028
195;Marriott International;www.marriott.com;0,103;63;0;8;0;0;0;1;18;0;90;1210;554;207;8;199;YES;YES;YES;NO;YES;NO;YES;YES;NO;NO;NO;0,103
196;Office Depot;www.officedepot.com;0,081;14;0;9;0;0;0;11;6;0;40;1065;482;181;17;164;YES;YES;YES;YES;YES;YES;YES;YES;YES;YES;YES;0,081
197;Nordstrom;www.nordstrom.com;0,392;26;0;3;42;0;42;106;18;0;237;1419;217;650;20;630;YES;NO;YES;YES;YES;NO;YES;YES;YES;YES;YES;0,392
198;Kinder Morgan;www.kindermorgan.com;0,461;7;0;1;0;0;0;10;0;0;18;509;266;52;2;50;YES;YES;YES;YES;YES;YES;YES;YES;NO;NO;YES;0,461
199;Aramark;www.aramark.com;0,615;6;0;0;3;0;3;4;0;0;16;705;277;188;13;175;YES;YES;YES;YES;YES;YES;YES;YES;NO;NO;YES;0,615
200;DaVita HealthCare Partners;www.davita.com;0,517;21;0;17;0;0;0;0;2;0;40;916;468;266;21;245;YES;NO;YES;YES;YES;NO;YES;NO;NO;NO;NO;0,517
201;Molina Healthcare;www.molinahealthcare.com;0,082;7;0;10;0;0;0;1;2;0;20;934;481;106;0;106;YES;YES;YES;NO;YES;NO;YES;YES;YES;NO;YES;0,082
202;WellCare Health Plans;www.wellcare.com;0,224;0;0;0;0;0;0;0;2;0;2;513;243;58;0;58;YES;YES;YES;YES;YES;YES;YES;YES;NO;NO;YES;0,224
203;CBS;www.cbscorporation.com;0,476;25;0;25;0;0;0;0;0;0;50;517;230;102;0;102;YES;NO;YES;YES;YES;NO;NO;NO;NO;NO;YES;0,476
204;Visa;www.visa.com;0,099;1;0;6;0;0;0;0;0;0;7;365;199;32;0;32;YES;NO;YES;YES;YES;NO;NO;NO;NO;NO;NO;0,099
205;Lincoln National;www.lfg.com;1,436;21;0;0;0;0;0;1;18;0;40;788;260;275;7;268;YES;YES;NO;NO;YES;NO;YES;YES;NO;NO;YES;1,436
206;Ecolab;www.ecolab.com;1,139;29;0;105;0;0;0;1;1;0;136;1475;711;331;3;328;YES;YES;YES;YES;YES;YES;YES;YES;YES;NO;YES;1,139
207;Kellogg;www.kelloggcompany.com;0,05;97;0;8;0;0;0;5;0;0;110;599;303;145;3;142;YES;NO;YES;YES;YES;NO;YES;YES;NO;NO;YES;0,05
208;C.H. Robinson Worldwide;www.chrobinson.com;0,643;10;0;20;0;0;0;11;2;0;43;864;298;197;15;182;YES;YES;YES;YES;YES;YES;YES;YES;NO;NO;YES;0,643
209;Textron;www.textron.com;0,299;12;0;18;0;0;1;1;2;0;34;665;371;81;17;64;YES;NO;YES;YES;YES;NO;YES;YES;YES;NO;YES;0,299
210;Loews;www.loews.com;0,131;6;0;7;0;0;0;0;0;0;13;511;279;62;0;62;YES;NO;YES;YES;YES;NO;NO;NO;NO;NO;NO;0,131
211;Illinois Tool Works;www.itw.com;0,203;1;0;21;0;0;0;0;1;0;23;494;246;80;0;80;YES;YES;NO;YES;YES;NO;NO;NO;NO;NO;NO;0,203
212;Synnex;www.synnex.com;0;0;0;0;0;0;0;0;0;0;0;23;13;0;0;0;YES;YES;YES;YES;YES;YES;NO;NO;NO;NO;NO;0
213;Viacom;www.viacom.com;0,124;15;0;3;0;0;0;1;3;0;22;611;340;59;1;58;YES;YES;YES;YES;YES;YES;YES;YES;NO;NO;NO;0,124
214;HollyFrontier;www.hollyfrontier.com;0,367;11;0;5;0;0;0;2;1;0;19;525;241;141;0;141;YES;YES;YES;YES;YES;YES;NO;NO;NO;NO;NO;0,367
215;Land O’Lakes;www.landolakesinc.com;0,214;8;0;6;0;0;0;0;0;0;14;486;249;51;4;47;YES;YES;YES;YES;YES;YES;YES;YES;NO;NO;YES;0,214
216;Devon Energy;www.devonenergy.com;0,205;21;0;9;0;0;0;0;0;0;30;611;319;142;8;134;YES;NO;YES;YES;YES;NO;NO;YES;NO;NO;NO;0,205
218;Yum Brands;www.yum.com;0,926;23;0;1;0;0;0;0;0;0;24;784;267;229;1;228;YES;YES;YES;YES;YES;YES;NO;YES;NO;NO;NO;0,926
219;Texas Instruments;www.ti.com;0,132;7;0;0;0;0;0;2;0;0;9;686;130;401;28;373;YES;YES;YES;YES;YES;YES;YES;YES;NO;NO;NO;0,132
220;CDW;www.cdw.com;0,06;14;0;6;0;0;0;4;15;0;39;1240;746;116;25;91;YES;YES;YES;NO;YES;NO;YES;YES;NO;NO;NO;0,06
221;Waste Management;www.wm.com;0,739;3;0;3;0;0;0;1;1;0;8;789;332;132;1;131;YES;NO;YES;YES;NO;NO;YES;YES;NO;NO;YES;0,739
222;Marsh & McLennan;www.mmc.com;0,223;5;0;66;0;0;0;0;5;0;76;1029;573;119;11;108;YES;YES;YES;YES;YES;YES;NO;YES;NO;NO;NO;0,223
223;Chesapeake Energy;www.chk.com;0,6;6;0;14;0;0;0;0;6;0;26;822;455;211;7;204;YES;NO;YES;YES;YES;NO;YES;YES;NO;NO;YES;0,6
224;Parker-Hannifin;www.parker.com;0,152;2;0;22;0;0;0;1;16;0;41;529;189;95;0;95;YES;YES;NO;NO;YES;NO;NO;NO;NO;NO;NO;0,152
225;Occidental Petroleum;www.oxy.com;1,016;25;0;14;0;0;0;2;0;0;41;702;266;132;2;130;YES;YES;YES;YES;YES;YES;NO;NO;NO;NO;YES;1,016
226;Guardian Life Ins. Co. of America;www.guardianlife.com;0;0;0;0;0;0;0;0;0;0;0;71;26;0;0;0;YES;YES;YES;YES;YES;YES;NO;NO;NO;NO;NO;0
227;Farmers Insurance Exchange;www.farmers.com;0,087;16;0;6;0;0;0;0;4;0;26;737;354;149;32;117;YES;NO;NO;NO;YES;NO;YES;YES;YES;NO;YES;0,087
228;J.C. Penney;www.jcpenney.com;0,07;0;0;0;0;0;0;18;1;0;19;884;349;180;10;170;YES;YES;YES;NO;YES;NO;YES;YES;NO;YES;YES;0,07
229;Consolidated Edison;www.conedison.com;0,154;1;0;38;0;0;0;35;1;0;75;219;84;30;0;30;YES;YES;YES;YES;YES;YES;NO;NO;NO;NO;NO;0,154
230;Cognizant Technology Solutions;www.cognizant.com;0,432;15;0;11;2;0;2;1;0;0;31;918;340;745;11;734;YES;NO;YES;NO;YES;NO;YES;YES;NO;NO;YES;0,432
231;VF;www.vfc.com;0,214;29;0;15;0;0;0;4;0;0;48;599;298;172;6;166;YES;NO;YES;YES;YES;NO;NO;YES;NO;NO;YES;0,214
232;Ameriprise Financial;www.ameriprise.com;0,193;8;0;5;0;0;0;0;3;0;16;467;212;32;1;31;YES;YES;YES;YES;YES;YES;YES;YES;NO;NO;YES;0,193
233;Computer Sciences;www.csc.com;0,107;11;1;46;0;0;0;4;0;0;62;1582;755;465;6;459;YES;NO;YES;NO;NO;NO;YES;YES;NO;NO;YES;0,107
234;L Brands;www.lb.com;0,566;19;0;52;0;0;0;0;2;0;73;460;209;136;8;128;YES;YES;YES;YES;YES;YES;YES;YES;YES;YES;YES;0,566
235;Jacobs Engineering Group;www.jacobs.com;0,368;41;0;34;0;0;0;0;21;0;96;707;276;199;4;195;YES;NO;YES;NO;YES;NO;NO;NO;NO;NO;NO;0,368
236;Principal Financial;www.principal.com;0,769;4;0;6;0;0;0;1;2;0;13;1152;527;388;106;282;YES;NO;YES;YES;YES;NO;YES;YES;NO;NO;YES;0,769
237;Ross Stores;www.rossstores.com;0,308;5;0;12;0;0;0;3;0;0;20;494;207;83;5;78;YES;NO;YES;YES;YES;NO;YES;NO;YES;NO;YES;0,308
238;Bed Bath & Beyond;www.bedbathandbeyond.com;0,195;16;0;19;0;0;0;65;12;0;112;1459;570;183;4;179;YES;NO;NO;NO;YES;NO;YES;YES;YES;YES;YES;0,195
239;CSX;www.csx.com;0,597;80;0;27;0;0;0;0;3;0;110;863;423;144;13;131;YES;YES;YES;YES;YES;YES;YES;YES;YES;NO;YES;0,597
240;Toys “R” Us;www.toysrusinc.com;0,171;15;0;20;0;0;0;0;0;0;35;356;117;127;10;117;YES;NO;YES;YES;YES;NO;YES;YES;YES;YES;YES;0,171
241;Las Vegas Sands;www.sands.com;0,006;6;0;17;0;0;0;0;0;0;23;274;144;55;4;51;YES;NO;YES;YES;YES;NO;YES;YES;YES;NO;NO;0,006
242;Leucadia National;www.leucadia.com;0,144;1;0;0;0;0;0;0;0;0;1;247;167;12;0;12;YES;YES;YES;YES;YES;YES;NO;NO;NO;NO;NO;0,144
244;United States Steel;www.ussteel.com;0,338;3;0;10;0;0;0;5;17;0;35;714;326;99;5;94;YES;YES;YES;YES;YES;YES;NO;NO;NO;NO;NO;0,338
245;L-3 Communications;www.l-3com.com;0,33;15;0;6;0;0;0;1;0;0;22;654;358;101;3;98;YES;YES;YES;YES;YES;YES;YES;NO;NO;NO;YES;0,33
246;Edison International;www.edisoninvestor.com;0,341;17;0;62;0;0;0;1;2;0;82;947;523;138;6;132;YES;NO;YES;YES;YES;NO;YES;YES;NO;NO;YES;0,341
247;Entergy;www.entergy.com;0,53;5;0;24;0;0;0;16;1;0;46;598;287;82;9;73;YES;YES;YES;YES;YES;YES;YES;YES;NO;NO;YES;0,53
248;ADP;www.adp.com;1,651;6;0;0;0;1;0;1;1;0;9;1440;543;333;3;330;YES;NO;YES;NO;NO;NO;NO;YES;NO;NO;NO;1,651
249;First Data;www.firstdata.com;0,078;1;0;0;0;0;0;0;0;0;1;279;159;81;1;80;YES;NO;YES;NO;YES;NO;NO;NO;NO;NO;NO;0,078
250;BlackRock;www.blackrock.com;0,037;15;0;0;0;0;0;0;0;0;15;624;193;127;20;107;YES;YES;YES;NO;YES;NO;NO;NO;NO;NO;NO;0,037
251;WestRock;www.westrock.com;0,153;12;0;75;0;0;0;0;0;0;87;561;292;94;14;80;YES;YES;YES;YES;YES;YES;YES;YES;NO;NO;NO;0,153
252;Voya Financial;www.voya.com;0,094;26;0;9;0;0;0;2;2;0;39;760;212;306;225;81;YES;NO;YES;YES;YES;NO;YES;YES;NO;NO;YES;0,094
253;Sherwin-Williams;www.sherwin.com;0,019;2;0;9;0;0;0;1;7;0;19;756;322;50;0;50;YES;NO;YES;YES;YES;NO;YES;NO;NO;NO;NO;0,019
254;Hilton Worldwide Holdings;www.hiltonworldwide.com;0,002;0;0;0;0;0;0;0;0;0;0;247;204;0;0;0;YES;YES;YES;YES;YES;YES;NO;NO;NO;NO;NO;0,002
255;R.R. Donnelley & Sons;www.rrdonnelley.com;1,064;61;1;7;0;0;0;2;4;0;75;1076;449;380;4;376;YES;YES;YES;NO;YES;NO;YES;YES;NO;NO;YES;1,064
256;Stanley Black & Decker;www.stanleyblackanddecker.com;0,318;9;0;50;0;0;1;2;0;0;62;801;409;165;0;165;YES;NO;YES;YES;YES;NO;YES;YES;NO;NO;NO;0,318
257;Xcel Energy;www.xcelenergy.com;0,415;19;0;10;0;0;0;0;1;0;30;556;246;82;15;67;YES;NO;YES;YES;YES;NO;YES;YES;YES;NO;YES;0,415
258;Murphy USA;corporate.murphyusa.com;0,166;0;0;1;0;0;0;1;0;0;2;319;148;74;0;74;YES;NO;YES;YES;YES;NO;NO;NO;NO;NO;NO;0,166
259;CBRE Group;www.cbre.com;0,406;3;0;10;2;0;2;1;3;0;21;896;480;208;10;198;YES;YES;YES;YES;YES;YES;YES;YES;NO;NO;NO;0,406
260;D.R. Horton;www.drhorton.com;0,858;4;0;0;0;0;0;1;2;0;7;512;223;66;5;61;YES;YES;YES;YES;YES;YES;YES;YES;YES;YES;NO;0,858
261;Estee Lauder;www.elcompanies.com;0,715;13;0;29;0;0;0;2;0;0;44;642;296;143;0;143;YES;YES;YES;YES;YES;YES;YES;NO;NO;NO;NO;0,715
262;Praxair;www.praxair.com;0,646;6;0;15;0;0;0;0;4;0;25;834;401;164;5;159;YES;NO;YES;YES;YES;NO;YES;YES;NO;NO;YES;0,646
263;Biogen;www.biogen.com;1,964;58;0;63;0;0;0;3;5;2;131;1512;720;536;67;469;YES;NO;YES;YES;YES;NO;NO;YES;NO;NO;YES;1,964
264;State Street Corp.;www.statestreet.com;1,392;50;0;12;4;0;4;13;3;0;86;904;326;228;4;224;YES;NO;YES;YES;YES;NO;YES;YES;NO;NO;YES;1,392
265;Unum Group;www.unum.com;0,139;6;0;1;0;0;0;0;2;0;9;532;252;65;6;59;YES;YES;NO;YES;YES;NO;NO;YES;NO;NO;NO;0,139
266;Reynolds American;www.reynoldsamerican.com;0,677;11;0;6;0;0;0;2;0;0;19;647;291;137;3;134;YES;YES;YES;YES;YES;YES;NO;YES;NO;NO;NO;0,677
267;Group 1 Automotive;www.group1auto.com;0,598;1;0;18;0;0;0;0;4;0;23;882;320;526;6;520;YES;YES;NO;NO;YES;NO;NO;NO;NO;NO;NO;0,598
268;Henry Schein;www.henryschein.com;0,011;0;0;0;0;0;0;1;0;0;1;221;122;18;0;18;YES;YES;YES;YES;YES;YES;NO;NO;NO;NO;NO;0,011
269;Hertz Global Holdings;www.hertz.com;0,109;5;0;0;0;0;0;0;0;0;5;1106;539;39;0;39;YES;YES;NO;NO;YES;NO;YES;NO;NO;NO;NO;0,109
270;Norfolk Southern;www.nscorp.com;0,78;8;0;86;0;0;0;0;10;0;104;894;475;244;18;226;YES;NO;YES;YES;YES;NO;YES;YES;NO;NO;YES;0,78
271;Reinsurance Group of America;www.rgare.com;0,744;3;0;7;0;0;0;1;6;0;17;773;418;130;2;128;YES;YES;YES;YES;YES;YES;YES;YES;NO;NO;NO;0,744
272;Public Service Enterprise Group;www.pseg.com;0,48;31;0;8;0;0;0;9;22;0;70;688;315;143;18;125;YES;NO;YES;NO;NO;NO;YES;YES;NO;NO;YES;0,48
273;BB&T Corp.;www.bbt.com;0,041;0;0;2;0;0;0;2;4;0;8;867;413;277;16;261;YES;NO;YES;YES;YES;NO;YES;YES;NO;NO;YES;0,041
274;DTE Energy;www.dteenergy.com;3,276;6;0;21;0;0;0;1;21;0;49;1246;300;586;19;567;YES;YES;YES;NO;YES;NO;YES;YES;NO;NO;YES;3,276
275;Assurant;www.assurant.com;0,378;4;0;3;0;0;0;0;0;0;7;349;136;67;2;65;YES;NO;YES;YES;YES;NO;NO;YES;NO;NO;NO;0,378
277;Huntsman;www.huntsman.com;0,384;0;0;9;0;1;0;68;0;0;78;442;224;62;5;57;YES;YES;NO;YES;YES;NO;YES;YES;NO;NO;YES;0,384
278;Becton Dickinson;www.bd.com;0,472;17;0;18;0;0;0;0;1;0;36;595;329;85;5;80;YES;YES;YES;YES;YES;YES;YES;YES;NO;NO;YES;0,472
279;Sempra Energy;www.sempra.com;0,447;8;0;13;0;0;0;0;0;0;21;441;226;91;2;89;YES;YES;YES;YES;NO;NO;NO;YES;NO;NO;NO;0,447
280;AutoZone;www.autozone.com;0,17;15;0;10;0;0;0;9;36;0;70;1049;395;178;4;174;YES;YES;YES;YES;YES;YES;YES;YES;NO;NO;YES;0,17
281;Navistar International;www.navistar.com;0,311;12;0;4;0;0;0;3;4;0;23;696;402;130;7;123;YES;NO;YES;YES;YES;NO;YES;YES;NO;NO;YES;0,311
282;Precision Castparts;www.precast.com;0;0;0;17;0;0;0;1;0;0;18;388;198;91;12;79;YES;YES;YES;YES;YES;YES;NO;NO;NO;NO;NO;0
283;Discover Financial Services;www.discoverfinancial.com;0;0;0;0;0;0;0;0;0;0;0;9;8;0;0;0;YES;YES;YES;YES;YES;YES;NO;NO;NO;NO;NO;0
284;Liberty Interactive;www.libertyinteractive.com;0,001;0;0;2;0;0;0;0;0;0;2;231;125;54;1;53;YES;YES;YES;YES;YES;YES;NO;NO;NO;NO;NO;0,001
285;W.W. Grainger;www.grainger.com;1,02;15;0;8;0;0;0;10;12;0;45;1093;444;167;6;161;YES;NO;NO;YES;YES;NO;YES;YES;YES;NO;YES;1,02
286;Baxter International;www.baxter.com;0,594;11;0;14;0;0;0;0;0;0;25;620;292;100;5;95;YES;NO;YES;YES;YES;NO;YES;YES;NO;NO;YES;0,594
287;Stryker;www.stryker.com;0,944;7;0;0;0;0;0;2;4;0;13;627;358;151;8;143;YES;NO;YES;NO;YES;NO;YES;NO;NO;NO;YES;0,944
288;Air Products & Chemicals;www.airproducts.com;0,317;0;0;17;0;0;0;4;3;0;24;807;382;269;8;261;YES;YES;YES;YES;YES;YES;YES;YES;NO;NO;YES;0,317
289;Western Refining;www.wnr.com;0,235;2;0;7;0;0;0;0;1;0;10;256;153;32;2;30;YES;YES;YES;YES;YES;YES;YES;YES;NO;NO;NO;0,235
290;Universal Health Services;www.uhsinc.com;0,359;1;0;7;0;0;0;0;0;0;8;468;271;79;4;75;YES;NO;YES;YES;YES;NO;YES;YES;NO;NO;YES;0,359
291;Owens & Minor;www.owens-minor.com;2,191;2;0;7;0;0;0;7;0;0;16;844;383;141;3;138;YES;YES;YES;NO;YES;NO;YES;NO;NO;NO;NO;2,191
292;Charter Communications;www.charter.com;0,423;10;0;7;0;0;0;4;8;0;29;966;457;128;14;114;YES;YES;YES;YES;YES;YES;YES;YES;NO;NO;YES;0,423
293;Advance Auto Parts;www.advanceautoparts.com;0,166;21;0;10;0;0;0;11;5;0;47;1309;491;282;7;275;YES;YES;YES;YES;YES;YES;YES;YES;YES;YES;YES;0,166
294;MasterCard;www.mastercard.com;0,065;6;0;0;0;0;0;1;2;0;9;689;427;283;0;283;YES;YES;YES;YES;YES;YES;YES;NO;NO;NO;NO;0,065
295;Applied Materials;www.appliedmaterials.com;0,016;2;0;9;0;0;1;2;0;0;14;535;230;155;2;153;YES;YES;YES;YES;YES;YES;YES;YES;NO;NO;YES;0,016
296;Eastman Chemical;www.eastman.com;0,644;3;0;13;0;0;0;6;0;0;22;762;364;129;3;126;YES;YES;YES;YES;YES;YES;YES;YES;NO;NO;YES;0,644
297;Sonic Automotive;www.sonicautomotive.com;0,707;4;0;26;0;0;0;0;15;0;45;1062;440;129;5;124;YES;YES;NO;YES;YES;NO;YES;YES;YES;YES;YES;0,707
298;Ally Financial;www.ally.com;0,105;8;0;0;0;0;0;0;0;0;8;698;215;165;14;151;YES;NO;YES;YES;YES;NO;YES;YES;NO;NO;YES;0,105
299;CST Brands;www.cstbrands.com;0,431;6;0;0;0;0;0;1;1;0;8;432;206;22;0;22;YES;YES;YES;NO;YES;NO;NO;NO;NO;NO;NO;0,431
300;eBay;www.ebay.com;1,544;14;0;149;0;1;0;16;1;0;181;1348;610;518;15;503;YES;NO;YES;YES;NO;NO;YES;YES;NO;NO;NO;1,544
301;Lennar;www.lennar.com;0,973;7;0;11;1;1;1;11;43;0;75;1089;510;210;6;204;YES;NO;YES;YES;YES;NO;YES;YES;YES;YES;YES;0,973
302;GameStop;www.gamestopcorp.com;0,028;0;0;11;0;0;0;2;0;0;13;362;182;38;3;35;YES;YES;YES;YES;YES;YES;YES;YES;NO;NO;YES;0,028
303;Reliance Steel & Aluminum;www.rsac.com;1,093;95;0;90;0;0;0;1;74;0;260;2111;976;187;2;185;YES;NO;YES;NO;YES;NO;NO;NO;NO;NO;NO;1,093
304;Hormel Foods;www.hormelfoods.com;0,183;12;0;0;0;0;0;0;0;0;12;480;243;103;6;97;YES;NO;YES;YES;YES;NO;YES;YES;YES;YES;YES;0,183
305;Celgene;www.celgene.com;1,247;15;0;95;0;0;0;1;8;0;119;1280;479;355;5;350;YES;NO;YES;NO;NO;NO;YES;YES;NO;YES;YES;1,247
306;Genworth Financial;www.genworth.com;0,524;3;0;15;0;0;0;0;0;0;18;877;380;212;14;198;YES;YES;YES;YES;YES;YES;NO;NO;NO;NO;NO;0,524
308;Priceline Group;www.pricelinegroup.com;0,351;14;0;0;0;0;0;5;0;0;19;582;222;92;12;80;YES;NO;YES;NO;NO;NO;YES;YES;NO;NO;NO;0,351
309;MGM Resorts International;www.mgmresorts.com;0,464;0;0;9;0;0;0;9;0;0;18;361;209;155;25;130;YES;YES;YES;NO;YES;NO;YES;YES;NO;NO;NO;0,464
310;Autoliv;www.autoliv.com;0,69;98;0;11;0;0;0;37;4;0;150;1016;438;208;15;193;YES;YES;YES;YES;YES;YES;NO;NO;NO;NO;NO;0,69
312;Republic Services;www.republicservices.com;0,002;1;0;0;0;0;0;0;0;0;1;127;75;6;0;6;YES;NO;YES;YES;YES;NO;NO;NO;NO;NO;YES;0,002
313;Corning;www.corning.com;0,073;15;0;296;14;0;14;2;3;0;344;811;256;176;19;157;YES;NO;YES;NO;YES;NO;YES;YES;NO;NO;YES;0,073
314;Peter Kiewit Sons’;www.kiewit.com;0,302;4;0;10;0;0;0;14;3;0;31;570;301;141;0;141;YES;YES;YES;NO;YES;NO;YES;YES;NO;NO;YES;0,302
315;Univar;www.univar.com;1,18;3;0;1;0;0;0;2;14;0;20;648;352;87;2;85;YES;YES;YES;YES;YES;YES;YES;YES;NO;NO;NO;1,18
316;Mosaic;www.mosaicco.com;0,181;5;0;8;0;0;0;15;0;0;28;455;248;95;3;92;YES;YES;YES;NO;YES;NO;YES;YES;NO;NO;YES;0,181
317;Core-Mark Holding;www.core-mark.com;0,242;3;0;5;0;0;1;1;0;0;10;405;225;71;9;62;YES;NO;YES;YES;YES;NO;YES;YES;NO;NO;YES;0,242
318;Thrivent Financial for Lutherans;www.thrivent.com;0,362;7;0;22;0;0;0;5;17;0;51;1153;508;161;31;130;YES;NO;YES;YES;YES;NO;YES;YES;NO;YES;NO;0,362
319;Cameron International;www.c-a-m.com;0,097;5;0;0;0;0;0;0;0;0;5;358;154;74;4;70;YES;NO;YES;YES;YES;NO;NO;YES;NO;NO;NO;0,097
320;HD Supply Holdings;www.hdsupply.com;0,016;17;0;0;0;0;0;0;0;0;17;364;172;80;0;80;YES;YES;YES;NO;YES;NO;NO;NO;NO;NO;NO;0,016
321;Crown Holdings;www.crowncork.com;0,703;18;0;12;0;0;1;1;0;0;32;773;416;210;1;209;YES;NO;YES;YES;YES;NO;NO;NO;NO;NO;NO;0,703
322;EOG Resources;www.eogresources.com;0,454;12;0;1;0;0;0;23;10;0;46;825;454;82;0;82;YES;YES;YES;YES;YES;YES;NO;NO;NO;NO;NO;0,454
323;Veritiv;www.veritivcorp.com;0,236;3;0;9;0;0;0;0;1;0;13;472;230;78;2;76;YES;YES;YES;YES;YES;YES;YES;YES;NO;NO;YES;0,236
324;Anadarko Petroleum;www.anadarko.com;0,535;23;0;17;0;0;0;0;2;0;42;792;327;347;4;343;YES;NO;YES;YES;YES;NO;YES;NO;YES;NO;YES;0,535
325;Laboratory Corp. of America;www.labcorp.com;0,507;0;0;23;0;1;0;44;4;0;72;470;122;58;9;49;YES;YES;YES;NO;YES;NO;NO;NO;NO;NO;NO;0,507
326;Pacific Life;www.pacificlife.com;0,245;12;0;12;0;0;0;0;3;0;27;512;236;77;3;74;YES;YES;YES;YES;YES;YES;YES;YES;NO;NO;YES;0,245
328;Jarden;www.jarden.com;0,143;2;0;2;0;0;0;3;1;0;8;788;405;85;4;81;YES;YES;YES;NO;YES;NO;YES;YES;YES;NO;YES;0,143
329;SunTrust Banks;www.suntrust.com;0,289;20;0;8;0;0;0;0;2;0;30;956;339;669;40;629;YES;YES;NO;YES;YES;NO;YES;YES;NO;NO;YES;0,289
330;Avis Budget Group;www.avisbudgetgroup.com;0,187;12;0;3;0;0;0;0;2;0;17;533;309;111;3;108;YES;YES;YES;YES;YES;YES;NO;NO;NO;NO;NO;0,187
331;Broadcom;www.broadcom.com;0,454;20;0;4;0;0;0;0;0;0;24;528;222;138;9;129;YES;YES;YES;YES;YES;YES;YES;YES;NO;YES;YES;0,454
332;American Family Insurance Group;www.amfam.com;0,523;5;0;17;0;0;0;0;26;0;48;664;203;158;93;65;YES;YES;YES;YES;YES;YES;YES;YES;YES;YES;YES;0,523
333;Level 3 Communications;www.level3.com;0,814;15;0;21;0;0;0;0;0;0;36;653;298;188;6;182;YES;NO;YES;YES;YES;NO;YES;YES;NO;YES;YES;0,814
334;Tenneco;www.tenneco.com;0,452;4;1;17;0;0;0;4;4;0;30;548;299;113;1;112;YES;YES;YES;YES;YES;YES;NO;NO;NO;NO;NO;0,452
335;United Natural Foods;www.unfi.com;0,687;26;0;58;0;0;1;1;1;0;87;796;253;132;44;88;YES;YES;YES;YES;YES;YES;YES;YES;NO;NO;YES;0,687
336;Dean Foods;www.deanfoods.com;0,324;37;0;4;0;0;0;0;0;0;41;294;148;76;2;74;YES;NO;YES;YES;YES;NO;NO;NO;NO;NO;NO;0,324
337;Campbell Soup;www.campbellsoupcompany.com;1,084;65;0;16;0;0;0;0;0;0;81;492;156;151;6;145;YES;YES;YES;YES;YES;YES;YES;YES;NO;NO;NO;1,084
338;Mohawk Industries;www.mohawkind.com;0,517;3;0;11;0;0;0;6;5;0;25;402;182;83;1;82;YES;YES;YES;YES;YES;YES;NO;NO;NO;NO;NO;0,517
339;BorgWarner;www.borgwarner.com;0,242;6;0;13;0;0;0;3;0;0;22;563;264;85;5;80;YES;YES;YES;YES;YES;YES;YES;NO;NO;NO;YES;0,242
340;PVH;www.pvh.com;0,075;0;0;0;0;0;0;0;0;0;0;401;181;94;2;92;YES;NO;YES;YES;YES;NO;YES;NO;NO;NO;NO;0,075
341;Ball;www.ball.com;0,499;1;0;4;0;0;0;0;0;0;5;632;370;119;5;114;YES;YES;YES;YES;YES;YES;YES;YES;YES;YES;NO;0,499
342;O’Reilly Automotive;www.oreillyauto.com;0,566;2;0;8;0;0;0;11;15;0;36;848;361;255;2;253;YES;YES;YES;YES;YES;YES;YES;YES;YES;NO;YES;0,566
343;Eversource Energy;www.eversource.com;0,129;10;0;13;0;0;0;0;0;0;23;693;262;168;8;160;YES;NO;YES;YES;YES;NO;YES;YES;YES;NO;YES;0,129
344;Franklin Resources;www.franklinresources.com;0,059;1;0;0;0;0;0;5;1;0;7;554;289;118;0;118;YES;YES;YES;YES;YES;YES;NO;NO;NO;NO;NO;0,059
345;Masco;www.masco.com;0,016;11;0;13;0;0;0;3;1;0;28;519;279;81;1;80;YES;NO;YES;YES;YES;NO;YES;YES;NO;NO;NO;0,016
346;Lithia Motors;www.lithia.com;0,34;3;0;15;0;0;0;1;21;0;40;1223;489;186;7;179;YES;YES;NO;YES;YES;NO;YES;YES;YES;NO;YES;0,34
347;KKR;www.kkr.com;0,263;4;0;8;0;0;0;0;3;0;15;738;378;150;18;132;YES;YES;NO;YES;YES;NO;NO;YES;NO;NO;NO;0,263
348;Oneok;www.oneok.com;0,347;0;0;0;0;0;0;1;0;0;1;348;204;71;0;71;YES;YES;YES;YES;YES;YES;YES;YES;NO;NO;NO;0,347
349;Newmont Mining;www.newmont.com;0,588;13;0;5;0;0;1;1;1;0;21;974;501;418;6;412;YES;YES;YES;NO;YES;NO;YES;YES;NO;NO;YES;0,588
350;PPL;www.pplweb.com;0,023;12;0;9;0;0;0;0;2;0;23;503;160;113;76;37;YES;NO;YES;YES;YES;NO;NO;YES;NO;NO;YES;0,023
351;SpartanNash;www.spartannash.com;0,316;7;0;11;0;0;0;0;1;0;19;555;176;292;206;86;YES;YES;YES;YES;YES;YES;NO;YES;NO;NO;NO;0,316
352;Quanta Services;www.quantaservices.com;0,182;0;0;13;0;0;0;0;0;0;13;442;179;45;7;38;YES;NO;YES;YES;YES;NO;NO;NO;NO;NO;YES;0,182
353;XPO Logistics;www.xpo.com;0,026;6;0;12;0;0;1;2;6;0;27;750;382;124;3;121;YES;NO;YES;YES;NO;NO;YES;YES;NO;NO;YES;0,026
354;Ralph Lauren;www.ralphlauren.com;0,043;7;0;7;0;0;0;10;10;0;34;894;450;182;2;180;YES;YES;NO;YES;YES;NO;YES;YES;NO;YES;NO;0,043
355;Interpublic Group;www.interpublic.com;0,626;5;0;45;0;0;0;0;3;0;53;778;461;111;1;110;YES;NO;YES;YES;YES;NO;YES;YES;NO;NO;NO;0,626
356;Steel Dynamics;www.steeldynamics.com;0,188;2;0;11;0;0;0;0;0;0;13;384;171;94;0;94;YES;YES;YES;YES;YES;YES;NO;NO;NO;NO;NO;0,188
357;WESCO International;www.wesco.com;0,01;5;0;9;0;0;0;0;0;0;14;633;352;47;7;40;YES;NO;NO;YES;YES;NO;NO;NO;NO;NO;NO;0,01
358;Quest Diagnostics;www.questdiagnostics.com;0,098;3;0;6;0;0;0;1;10;0;20;718;376;168;23;145;YES;YES;YES;NO;YES;NO;YES;YES;NO;NO;YES;0,098
359;Boston Scientific;www.bostonscientific.com;0,333;190;0;6;0;0;0;7;283;0;486;1026;264;326;6;320;YES;NO;YES;NO;YES;NO;YES;YES;NO;NO;NO;0,333
360;AGCO;www.agcocorp.com;0,165;20;0;18;0;0;0;0;0;0;38;718;291;182;12;170;YES;YES;YES;YES;YES;YES;YES;YES;YES;NO;YES;0,165
361;Foot Locker;www.footlocker-inc.com;0;0;0;1;0;0;0;2;0;0;3;211;128;41;1;40;YES;YES;YES;YES;YES;YES;NO;NO;NO;NO;NO;0
362;Hershey;www.thehersheycompany.com;0,133;21;0;26;0;0;0;1;1;0;49;618;286;128;8;120;YES;YES;YES;YES;YES;YES;YES;YES;YES;YES;YES;0,133
363;CenterPoint Energy;www.centerpointenergy.com;0,079;5;0;0;0;0;0;2;4;0;11;553;205;45;4;41;YES;NO;YES;YES;YES;NO;NO;NO;NO;NO;NO;0,079
365;Dick’s Sporting Goods;www.dickssportinggoods.com;0,093;14;0;1;0;0;0;1;1;0;17;759;271;389;7;382;YES;YES;NO;YES;YES;NO;YES;YES;NO;YES;YES;0,093
366;Live Nation Entertainment;www.livenation.com;0,082;4;0;0;0;0;0;1;1;0;6;493;269;25;1;24;YES;YES;YES;YES;YES;YES;YES;YES;YES;YES;YES;0,082
367;Mutual of Omaha Insurance;www.mutualofomaha.com;0,458;5;0;3;0;0;0;16;2;0;26;799;418;159;23;136;YES;YES;YES;YES;YES;YES;YES;YES;NO;NO;NO;0,458
368;W.R. Berkley;www.wrberkley.com;0,115;13;0;9;0;0;0;0;1;0;23;396;160;91;5;86;YES;YES;YES;YES;YES;YES;NO;YES;NO;NO;NO;0,115
369;LKQ;www.lkqcorp.com;0,768;9;0;9;0;0;1;7;6;0;32;1149;618;244;5;239;YES;YES;YES;YES;YES;YES;YES;YES;YES;NO;NO;0,768
370;Avon Products;www.avoncompany.com;0,148;1;0;7;0;0;0;1;1;0;10;336;204;60;0;60;YES;YES;YES;YES;YES;YES;NO;YES;NO;NO;NO;0,148
371;Darden Restaurants;www.darden.com;0,416;8;0;0;0;0;0;8;2;0;18;600;288;138;19;119;YES;NO;YES;YES;YES;NO;NO;YES;NO;NO;YES;0,416
372;Kindred Healthcare;www.kindredhealthcare.com;0,539;15;0;11;0;0;0;11;1;0;38;650;363;91;1;90;YES;YES;YES;YES;YES;YES;YES;YES;NO;YES;YES;0,539
373;Weyerhaeuser;www.weyerhaeuser.com;0,772;16;0;4;0;0;0;0;34;0;54;1035;300;553;12;541;YES;NO;YES;NO;YES;NO;YES;YES;NO;NO;NO;0,772
374;Casey’s General Stores;www.caseys.com;0,193;11;0;12;0;0;0;1;1;0;25;622;256;162;15;147;YES;NO;YES;YES;YES;NO;YES;YES;YES;NO;YES;0,193
375;Sealed Air;www.sealedair.com;0,216;7;0;9;0;0;0;1;0;0;17;692;304;124;21;103;YES;NO;YES;YES;YES;NO;YES;YES;NO;NO;YES;0,216
376;Fifth Third Bancorp;www.53.com;0,366;4;0;6;0;0;0;0;0;0;10;931;389;280;7;273;YES;NO;NO;NO;YES;NO;YES;YES;NO;NO;YES;0,366
377;Dover;www.dovercorporation.com;0,52;5;0;13;0;0;0;5;12;0;35;537;249;75;0;75;YES;YES;YES;NO;YES;NO;NO;NO;NO;NO;YES;0,52
378;Huntington Ingalls Industries;www.huntingtoningalls.com;0,339;23;0;12;0;0;0;1;2;0;38;758;220;280;14;266;YES;YES;YES;YES;YES;YES;YES;YES;YES;YES;YES;0,339
379;Netflix;www.netflix.com;0,963;321;0;28;12;0;12;14;27;0;414;2059;669;190;150;40;YES;YES;YES;YES;YES;YES;YES;YES;NO;NO;NO;0,963
380;Dillard’s;www.dillards.com;0,17;11;0;15;0;0;0;3;0;0;29;667;247;137;10;127;YES;YES;YES;YES;YES;YES;YES;YES;YES;YES;YES;0,17
381;EMCOR Group;www.emcorgroup.com;0,263;22;0;5;0;0;0;0;0;0;27;632;380;99;2;97;YES;NO;YES;NO;YES;NO;YES;NO;NO;NO;YES;0,263
382;Jones Financial;www.edwardjones.com;0,475;24;0;4;0;0;0;0;0;0;28;666;314;113;11;102;YES;NO;YES;YES;YES;NO;YES;YES;NO;NO;YES;0,475
383;AK Steel Holding;www.aksteel.com;0,171;0;0;14;0;0;0;2;0;0;16;367;246;67;3;64;YES;YES;YES;YES;YES;YES;NO;NO;NO;NO;NO;0,171
384;UGI;www.ugicorp.com;0,242;14;0;15;0;0;0;0;5;0;34;680;330;141;6;135;YES;YES;YES;YES;YES;YES;YES;YES;NO;NO;NO;0,242
385;Expedia;www.expediainc.com;0,68;37;0;13;0;0;0;1;34;0;85;866;362;143;2;141;YES;YES;YES;NO;NO;NO;NO;YES;NO;NO;YES;0,68
386;salesforce.com;www.salesforce.com;0,488;12;0;2;1;0;1;4;9;0;29;830;332;264;32;232;YES;NO;YES;YES;YES;NO;YES;YES;NO;NO;YES;0,488
387;Targa Resources;www.targaresources.com;0,215;4;0;6;0;0;0;0;0;0;10;195;95;37;1;36;YES;YES;YES;YES;YES;YES;NO;NO;NO;NO;NO;0,215
388;Apache;www.apachecorp.com;0,006;0;0;0;0;0;0;0;0;0;0;216;187;0;0;0;YES;YES;YES;YES;YES;YES;NO;NO;NO;NO;NO;0,006
389;Spirit AeroSystems Holdings;www.spiritaero.com;0,519;9;0;15;0;0;0;11;9;0;44;689;232;248;15;233;YES;YES;YES;YES;YES;YES;NO;YES;NO;NO;YES;0,519
390;Expeditors International of Washington;www.expeditors.com;0,481;24;0;7;0;0;0;1;0;0;32;686;348;121;14;107;YES;YES;YES;YES;YES;YES;YES;YES;NO;NO;NO;0,481
391;Anixter International;www.anixter.com;0,56;24;0;42;0;0;0;1;33;0;100;1179;582;728;163;565;YES;NO;NO;NO;NO;NO;YES;YES;NO;NO;YES;0,56
392;Fidelity National Information Services;www.fisglobal.com;0,946;26;0;5;0;0;0;1;1;0;33;1343;626;479;6;473;YES;YES;YES;YES;YES;YES;YES;YES;YES;NO;YES;0,946
393;Asbury Automotive Group;www.asburyauto.com;0,006;1;0;0;0;0;0;0;0;0;1;322;208;37;4;33;YES;YES;YES;YES;YES;YES;YES;YES;NO;NO;NO;0,006
394;Hess;www.hess.com;0,641;0;0;8;0;0;0;2;1;0;11;876;434;76;4;72;YES;NO;YES;NO;YES;NO;YES;YES;NO;NO;YES;0,641
395;Ryder System;www.ryder.com;0,954;17;0;34;0;0;0;0;2;0;53;987;453;260;5;255;YES;YES;YES;YES;YES;YES;YES;YES;YES;NO;YES;0,954
396;Terex;www.terex.com;0;0;0;1;0;0;0;0;0;0;1;187;118;20;0;20;YES;YES;YES;YES;YES;YES;NO;NO;NO;NO;NO;0
397;Coca-Cola European Partners;www.cokecce.com;0,146;20;0;31;0;0;0;12;0;0;63;649;324;84;4;80;YES;YES;YES;YES;YES;YES;NO;YES;NO;NO;YES;0,146
399;Cablevision Systems;www.cablevision.com;0,503;8;0;5;0;0;0;0;4;0;17;546;227;67;0;67;YES;NO;YES;YES;YES;NO;NO;NO;NO;NO;NO;0,503
400;Symantec;www.symantec.com;0,188;29;0;0;0;0;0;0;16;0;45;697;298;163;39;124;YES;YES;YES;YES;YES;YES;YES;YES;NO;NO;YES;0,188
401;Charles Schwab;www.aboutschwab.com;0,179;2;0;21;0;0;0;1;0;0;24;799;434;55;3;52;YES;NO;YES;YES;YES;NO;YES;YES;NO;NO;YES;0,179
402;Calpine;www.calpine.com;0,531;2;1;6;0;0;0;0;2;0;11;799;468;115;6;109;YES;YES;YES;YES;YES;YES;YES;YES;NO;NO;NO;0,531
403;CMS Energy;www.cmsenergy.com;0,385;6;0;8;0;0;0;2;1;0;17;993;503;281;5;276;YES;YES;YES;NO;NO;NO;NO;NO;NO;NO;NO;0,385
404;Alliance Data Systems;www.alliancedata.com;0,306;17;0;30;10;0;10;0;0;0;67;801;448;68;25;43;YES;NO;YES;YES;YES;NO;YES;YES;NO;NO;YES;0,306
405;JetBlue Airways;www.jetblue.com;0,154;56;0;11;0;1;0;6;3;0;77;1405;591;188;7;181;YES;NO;YES;NO;YES;NO;YES;YES;YES;NO;YES;0,154
406;Discovery Communications;www.discoverycommunications.com;0,316;209;0;27;4;0;4;1;0;0;245;825;382;179;70;109;YES;YES;YES;YES;YES;YES;YES;YES;YES;NO;YES;0,316
407;Trinity Industries;www.trin.net;0,224;2;0;17;0;0;0;124;0;0;143;220;108;9;2;7;YES;YES;YES;YES;YES;YES;NO;NO;NO;NO;NO;0,224
408;Sanmina;www.sanmina.com;0,001;0;0;0;0;0;0;0;0;0;0;71;26;0;0;0;YES;YES;YES;YES;YES;YES;NO;NO;NO;NO;NO;0,001
409;NCR;www.ncr.com;0,339;7;0;30;0;0;0;0;0;0;37;492;211;110;21;89;YES;YES;YES;YES;YES;YES;YES;YES;NO;NO;YES;0,339
410;FMC Technologies;www.fmctechnologies.com;0,549;6;0;1;0;0;0;16;1;0;24;472;257;157;10;147;YES;YES;YES;YES;YES;YES;YES;YES;YES;NO;YES;0,549
411;Erie Insurance Group;www.erieinsurance.com;0,504;13;0;1;0;0;0;3;6;0;23;529;199;105;19;86;YES;NO;YES;YES;YES;NO;YES;YES;NO;NO;NO;0,504
412;Rockwell Automation;www.rockwellautomation.com;0,158;0;0;15;0;0;0;0;6;0;21;1034;316;230;17;213;YES;YES;YES;YES;YES;YES;YES;YES;NO;NO;YES;0,158
413;Dr Pepper Snapple Group;www.drpeppersnapplegroup.com;0,212;95;0;9;0;0;0;0;3;0;107;620;284;183;12;171;YES;NO;YES;YES;YES;NO;YES;YES;NO;NO;YES;0,212
414;iHeartMedia;www.iheartmedia.com;0,594;9;2;2;0;0;0;1;1;0;15;508;259;54;2;52;YES;YES;YES;YES;YES;YES;YES;YES;NO;NO;NO;0,594
416;J.B. Hunt Transport Services;www.jbhunt.com;0,388;4;0;0;0;0;0;1;4;0;9;483;275;75;5;70;YES;YES;YES;YES;YES;YES;YES;YES;NO;NO;YES;0,388
418;Owens-Illinois;www.o-i.com;0,294;0;0;2;0;0;0;0;0;0;2;227;66;51;0;51;YES;NO;YES;YES;YES;NO;NO;NO;NO;NO;NO;0,294
419;Harman International Industries;www.harman.com;0,532;52;0;52;4;0;4;0;0;0;112;813;281;180;21;159;YES;YES;YES;NO;NO;NO;YES;YES;NO;YES;YES;0,532
420;Baxalta;www.baxalta.com;0,511;20;0;2;0;0;0;0;0;0;22;573;247;137;2;135;YES;NO;YES;YES;YES;NO;NO;NO;NO;NO;YES;0,511
421;American Financial Group;www.afginc.com;0,012;10;0;4;0;0;0;8;0;0;22;432;237;101;0;101;YES;YES;YES;YES;YES;YES;YES;YES;NO;NO;YES;0,012
422;NetApp;www.netapp.com;0,075;8;0;5;0;0;0;0;4;0;17;650;311;248;5;243;NO;YES;YES;YES;YES;NO;YES;YES;NO;NO;YES;0,075
423;Graybar Electric;www.graybar.com;0,945;9;0;0;0;0;0;0;14;0;23;299;152;34;1;33;YES;YES;YES;YES;YES;YES;YES;NO;NO;NO;NO;0,945
424;Oshkosh;www.oshkoshcorporation.com;0,002;1;0;1;0;0;0;46;0;0;48;247;99;23;3;20;YES;YES;YES;YES;YES;YES;YES;NO;NO;NO;NO;0,002
425;Ameren;www.ameren.com;0,519;47;0;0;0;0;0;0;0;0;47;550;311;127;35;92;YES;YES;YES;YES;YES;YES;YES;YES;NO;NO;NO;0,519
426;A-Mark Precious Metals;www.amark.com;0,72;33;0;5;0;0;0;1;0;0;39;538;288;76;0;76;YES;YES;YES;YES;YES;YES;NO;NO;NO;NO;NO;0,72
427;Barnes & Noble;www.barnesandnobleinc.com;0,3;0;0;7;0;0;0;81;0;0;88;225;112;37;0;37;YES;YES;YES;YES;YES;YES;NO;NO;NO;NO;NO;0,3
428;Dana Holding;www.dana.com;0,15;7;0;4;0;0;0;0;0;0;11;323;176;47;0;47;YES;YES;YES;YES;YES;YES;YES;YES;NO;NO;YES;0,15
429;Constellation Brands;www.cbrands.com;0,006;3;0;0;0;0;1;1;0;0;5;392;229;59;0;59;YES;YES;YES;YES;YES;YES;NO;NO;NO;NO;NO;0,006
430;LifePoint Health;www.lifepointhealth.net;0,008;2;0;2;0;0;0;0;0;0;4;428;248;76;1;75;YES;YES;YES;YES;YES;YES;NO;YES;NO;NO;NO;0,008
431;Zimmer Biomet Holdings;www.zimmerbiomet.com;0,023;6;0;0;0;0;0;0;0;0;6;364;154;50;3;47;YES;YES;YES;YES;YES;YES;YES;YES;NO;NO;YES;0,023
432;Harley-Davidson;www.harley-davidson.com;0,161;77;0;19;0;0;0;2;8;0;106;433;147;177;3;174;YES;NO;YES;NO;YES;NO;NO;YES;NO;NO;NO;0,161
433;PulteGroup;www.pultegroupinc.com;0,025;6;0;7;0;0;0;2;0;0;15;645;357;140;1;139;YES;YES;YES;YES;YES;YES;NO;NO;NO;NO;NO;0,025
434;Newell Brands;www.newellbrands.com;0,143;2;0;2;0;0;0;3;1;0;8;787;404;85;4;81;YES;YES;YES;NO;YES;NO;YES;YES;YES;NO;YES;0,143
435;Avery Dennison;www.averydennison.com;0,092;24;0;30;0;0;0;0;0;0;54;907;413;171;11;160;YES;YES;YES;YES;YES;YES;YES;YES;YES;NO;YES;0,092
436;Jones Lang LaSalle;www.jll.com;0,226;22;0;18;0;0;0;1;6;0;47;1564;649;173;4;169;YES;NO;YES;YES;YES;NO;YES;YES;NO;NO;YES;0,226
437;WEC Energy Group;www.wecenergygroup.com;0,184;5;0;9;0;0;0;1;0;0;15;350;171;55;3;52;YES;YES;YES;YES;YES;YES;NO;YES;NO;NO;YES;0,184
438;Marathon Oil;www.marathonoil.com;0,347;15;0;7;0;0;0;14;0;0;36;517;231;152;1;151;YES;NO;YES;NO;YES;NO;NO;YES;YES;NO;YES;0,347
439;TravelCenters of America;www.ta-petrol.com;0,195;5;0;3;0;0;0;4;0;0;12;253;127;4;0;4;YES;YES;YES;YES;YES;YES;NO;NO;NO;NO;NO;0,195
440;United Rentals;www.unitedrentals.com;0,484;15;0;28;0;0;0;0;10;0;53;914;410;260;25;235;YES;YES;YES;YES;YES;YES;YES;YES;NO;NO;YES;0,484
441;HRG Group;www.hrggroup.com;0,001;2;0;8;0;0;0;0;0;0;10;244;145;28;1;27;YES;YES;YES;YES;YES;YES;NO;NO;NO;NO;NO;0,001
443;Windstream Holdings;www.windstream.com;0,781;9;1;0;0;0;0;3;5;1;19;1825;997;66;5;61;YES;NO;YES;NO;YES;NO;NO;NO;NO;NO;NO;0,781
444;Starwood Hotels & Resorts;www.starwoodhotels.com;0,001;0;0;0;0;0;0;0;1;0;1;240;129;26;0;26;YES;YES;YES;YES;YES;YES;NO;NO;NO;NO;NO;0,001
445;Delek US Holdings;www.delekus.com;0,003;5;0;9;0;0;1;1;0;0;16;342;165;28;0;28;YES;YES;YES;YES;YES;YES;NO;NO;NO;NO;NO;0,003
446;Packaging Corp. of America;www.packagingcorp.com;0,948;4;0;15;0;0;0;0;0;0;19;1080;196;612;6;606;YES;YES;YES;NO;YES;NO;YES;YES;NO;NO;NO;0,948
447;Quintiles Transnational Holdings;www.quintiles.com;0,559;11;0;2;0;0;0;1;3;0;17;775;402;203;9;194;YES;YES;YES;YES;YES;YES;YES;YES;NO;NO;YES;0,559
448;Hanesbrands;www.hanes.com;0,239;29;0;26;0;0;0;5;53;0;113;1009;368;425;4;421;YES;YES;YES;NO;YES;NO;NO;NO;NO;NO;NO;0,239
449;Realogy Holdings;www.realogy.com;0,031;7;0;36;0;0;0;3;5;0;51;462;239;98;4;94;YES;YES;YES;NO;YES;NO;YES;YES;NO;NO;YES;0,031
450;Mattel;www.mattel.com;0,109;132;1;170;2;0;2;4;4;0;315;1192;625;194;0;194;YES;YES;YES;NO;YES;NO;NO;NO;NO;NO;NO;0,109
451;Motorola Solutions;www.motorolasolutions.com;0,11;0;0;6;0;0;0;0;0;0;6;429;265;179;0;179;YES;NO;YES;YES;YES;NO;NO;NO;NO;NO;NO;0,11
452;J.M. Smucker;www.jmsmucker.com;0,319;2;0;11;0;0;0;0;1;0;14;416;238;72;1;71;YES;NO;YES;YES;YES;NO;NO;NO;NO;NO;NO;0,319
453;Regions Financial;www.regions.com;0,692;1;0;0;0;0;0;0;0;0;1;760;192;274;93;181;YES;NO;YES;YES;YES;NO;YES;YES;NO;YES;NO;0,692
453;Celanese;www.celanese.com;0,692;1;0;0;0;0;0;0;0;0;1;760;192;274;93;181;YES;NO;YES;YES;YES;NO;YES;YES;NO;YES;NO;0,692
455;Clorox;www.thecloroxcompany.com;0,896;6;0;25;0;0;0;0;2;0;33;695;293;166;134;32;YES;YES;YES;YES;YES;YES;YES;YES;YES;NO;YES;0,896
456;Ingredion;www.ingredion.com;0,224;2;0;0;0;0;0;0;0;0;2;364;186;40;0;40;YES;YES;YES;YES;YES;YES;NO;NO;NO;NO;NO;0,224
457;Genesis Healthcare;www.genesishcc.com;0,513;9;0;15;0;0;0;1;1;0;26;951;569;81;0;81;YES;YES;YES;YES;YES;YES;YES;NO;NO;NO;NO;0,513
458;Peabody Energy;www.peabodyenergy.com;0,569;35;0;10;0;0;0;0;0;0;45;905;354;227;9;218;YES;YES;YES;YES;YES;YES;YES;YES;NO;NO;YES;0,569
459;Alaska Air Group;www.alaskaair.com;0,963;2;0;4;0;0;0;30;22;0;58;1251;336;480;40;440;YES;YES;NO;YES;YES;NO;YES;YES;YES;NO;YES;0,963
460;Seaboard;www.seaboardcorp.com;0,008;9;0;28;0;0;0;2;3;0;42;444;211;58;29;29;YES;YES;YES;YES;YES;YES;NO;YES;NO;NO;NO;0,008
461;Frontier Communications;www.frontier.com;0,403;0;0;1;0;0;0;2;3;0;6;785;325;201;31;170;YES;YES;YES;YES;YES;YES;YES;YES;NO;NO;YES;0,403
462;Amphenol;www.amphenol.com;0,007;2;0;10;0;0;0;3;0;0;15;298;167;66;0;66;YES;YES;YES;YES;YES;YES;NO;NO;NO;NO;NO;0,007
463;Lansing Trade Group;www.lansingtradegroup.com;0,168;9;0;33;0;0;0;1;5;0;48;515;274;78;4;74;YES;YES;YES;YES;YES;YES;YES;YES;NO;NO;NO;0,168
464;SanDisk;www.sandisk.com;0,001;0;0;0;0;0;0;0;0;0;0;234;194;0;0;0;YES;YES;YES;YES;YES;YES;NO;NO;NO;NO;NO;0,001
466;Wyndham Worldwide;www.wyndhamworldwide.com;0,307;10;0;49;0;0;1;2;0;0;62;615;306;140;2;138;YES;NO;YES;YES;YES;NO;YES;YES;NO;NO;YES;0,307
467;Kelly Services;www.kellyservices.com;0,649;14;0;1;0;0;0;3;1;0;19;542;190;212;4;208;YES;YES;YES;YES;NO;NO;YES;YES;NO;NO;YES;0,649
468;Western Union;www.westernunion.com;0,061;1;0;2;0;0;0;0;2;0;5;566;197;93;3;90;YES;NO;YES;YES;YES;NO;YES;YES;NO;NO;YES;0,061
469;Envision Healthcare Holdings;www.evhc.net;0,425;2;0;4;0;0;0;0;0;0;6;632;355;113;0;113;YES;YES;YES;YES;YES;YES;NO;NO;NO;NO;NO;0,425
470;Visteon;www.visteon.com;0,799;7;0;25;0;0;0;3;0;0;35;758;492;106;7;99;YES;YES;YES;NO;NO;NO;YES;YES;YES;NO;YES;0,799
471;Arthur J. Gallagher;www.ajg.com;0,243;9;0;32;3;0;3;0;0;0;47;620;219;195;1;194;YES;NO;YES;YES;YES;NO;YES;YES;NO;NO;NO;0,243
472;Host Hotels & Resorts;www.hosthotels.com;2,529;0;0;0;0;0;0;0;2;0;2;598;299;70;6;64;YES;YES;YES;YES;YES;YES;NO;NO;NO;NO;NO;2,529
472;Ashland;www.ashland.com;2,529;0;0;0;0;0;0;0;2;0;2;598;299;70;6;64;YES;YES;YES;YES;YES;YES;NO;NO;NO;NO;NO;2,529
474;Insight Enterprises;www.insight.com;0,239;9;0;3;0;0;0;4;18;0;34;1094;441;342;3;339;YES;NO;NO;YES;YES;NO;YES;YES;NO;NO;YES;0,239
475;Energy Future Holdings;www.energyfutureholdings.com;0,185;6;0;5;0;0;0;2;0;0;13;642;353;84;62;22;YES;YES;YES;YES;NO;NO;NO;YES;YES;NO;NO;0,185
476;Markel;www.markelcorp.com;0,517;19;0;3;0;0;0;1;1;0;24;447;160;157;5;152;YES;YES;YES;YES;YES;YES;NO;NO;NO;NO;NO;0,517
477;Essendant;www.essendant.com;0,187;0;0;7;0;0;0;7;26;0;40;497;221;26;0;26;YES;YES;YES;YES;YES;YES;NO;NO;NO;NO;NO;0,187
478;CH2M Hill;www.ch2m.com;0,157;1;0;12;0;0;0;0;0;0;13;533;235;70;3;67;YES;YES;YES;YES;YES;YES;YES;YES;YES;NO;YES;0,157
479;Western & Southern Financial Group;www.westernsouthern.com;0,4;1;0;6;0;0;0;6;0;0;13;475;277;59;5;54;YES;NO;YES;NO;YES;NO;YES;YES;NO;NO;YES;0,4
480;Owens Corning;www.owenscorning.com;0,168;2;0;8;0;0;0;0;4;0;14;576;264;111;5;106;YES;NO;YES;YES;NO;NO;YES;YES;NO;NO;YES;0,168
481;S&P Global;www.spglobal.com;0,027;1;0;6;0;0;0;0;1;0;8;509;195;66;18;48;YES;YES;YES;YES;YES;YES;YES;YES;NO;NO;YES;0,027
482;Raymond James Financial;www.raymondjames.com;0,671;3;0;13;0;0;0;0;0;0;16;586;239;134;2;132;YES;NO;YES;NO;YES;NO;YES;YES;NO;NO;NO;0,671
483;NiSource;www.nisource.com;0,137;13;0;9;0;0;0;2;0;0;24;363;199;29;3;26;YES;YES;YES;YES;YES;YES;YES;YES;NO;NO;NO;0,137
484;Airgas;www.airgas.com;0,187;9;0;10;0;0;0;4;2;0;25;494;228;79;2;77;YES;YES;YES;YES;YES;YES;NO;YES;NO;NO;NO;0,187
485;ABM Industries;www.abm.com;0,912;8;0;20;0;0;0;0;6;0;34;907;274;663;2;661;YES;NO;YES;YES;YES;NO;YES;YES;NO;NO;YES;0,912
486;Citizens Financial Group;www.citizensbank.com;0,035;7;0;5;0;0;0;3;3;0;18;906;400;185;17;168;YES;NO;YES;YES;YES;NO;YES;YES;NO;NO;YES;0,035
487;Booz Allen Hamilton Holding;www.boozallen.com;0,099;3;0;9;0;0;0;0;0;0;12;715;387;183;0;183;YES;NO;YES;YES;YES;NO;YES;YES;NO;NO;NO;0,099
488;Simon Property Group;www.simon.com;0,627;22;0;1;0;0;0;7;0;0;30;624;267;135;39;96;YES;NO;YES;YES;YES;NO;YES;YES;YES;NO;YES;0,627
489;Domtar;www.domtar.com;0,018;4;0;3;0;0;0;5;2;0;14;467;215;101;0;101;YES;YES;YES;NO;NO;NO;NO;NO;NO;NO;NO;0,018
490;Rockwell Collins;www.rockwellcollins.com;0,758;9;0;2;0;0;0;2;1;0;14;504;210;119;3;116;YES;YES;YES;YES;YES;YES;YES;YES;YES;NO;YES;0,758
491;Lam Research;www.lamresearch.com;1,323;12;0;15;0;0;0;1;1;0;29;1721;1042;250;8;242;YES;YES;YES;YES;YES;YES;YES;YES;NO;NO;YES;1,323
492;Fiserv;www.fiserv.com;0,261;12;0;5;0;0;0;4;9;0;30;744;341;148;5;143;YES;NO;YES;YES;YES;NO;YES;YES;NO;NO;NO;0,261
493;Spectra Energy;www.spectraenergy.com;3,385;5;0;27;0;0;0;0;4;0;36;819;263;354;9;345;YES;NO;YES;YES;YES;NO;YES;YES;NO;NO;YES;3,385
494;Navient;www.navient.com;0,36;6;0;6;0;0;0;0;0;0;12;486;219;100;14;86;YES;NO;YES;YES;YES;NO;NO;NO;NO;NO;NO;0,36
495;Big Lots;www.biglots.com;0,946;11;0;75;0;0;0;1;3;0;90;815;247;326;11;315;YES;NO;YES;YES;YES;NO;YES;YES;YES;YES;YES;0,946
496;Telephone & Data Systems;www.tdsinc.com;0,509;9;0;1;0;0;0;0;1;0;11;537;298;102;4;98;YES;YES;YES;YES;YES;YES;YES;YES;NO;NO;NO;0,509
497;First American Financial;www.firstam.com;0,677;4;0;21;0;0;0;0;1;0;26;792;408;120;11;109;YES;YES;YES;YES;YES;YES;YES;YES;NO;NO;YES;0,677
498;NVR;www.nvrinc.com;0,038;12;0;0;0;0;0;1;0;0;13;399;193;34;5;29;YES;YES;YES;YES;YES;YES;YES;YES;YES;YES;YES;0,038
499;Cincinnati Financial;www.cinfin.com;0,597;9;0;7;0;0;0;0;9;0;25;802;461;78;3;75;YES;NO;YES;NO;YES;NO;YES;NO;NO;NO;NO;0,597
500;Burlington Stores;www.burlingtonstores.com;0,716;17;0;24;0;0;0;26;0;0;67;1015;451;140;16;124;YES;NO;NO;NO;YES;NO;YES;YES;YES;YES;YES;0,716
